product_name,pk_equipement,brand,type_produit,player_name
Tripack de 3 balles Head Padel One x Esprit Padel Shop,1,Head,balles,no player
Tripack de 3 balles Head Padel Team,2,Head,balles,no player
Tripack de 3 balles Head Padel Pro+,3,Head,balles,no player
Tripack de 3 balles Bullpadel Next Pro,4,Bullpadel,balles,no player
Carton de 24 tubes de balles Head Padel Pro S+,5,Head,balles,no player
Tube de 3 balles PINQ Padel,6,Tube,balles,no player
Tripack de 3 balles Wilson Premier Padel Speed,7,Wilson,balles,no player
Tripack de 3 balles PINQ Padel,8,Tripack,balles,no player
Tripack de 3 balles Head Padel Pro S+,9,Head,balles,no player
Tube de 3 balles Head Padel Pro+,10,Head,balles,no player
Carton de 24 tubes de balles Head Padel One x Esprit Padel Shop,11,Head,balles,no player
Tripack de 3 balles Bullpadel Next,12,Bullpadel,balles,no player
Carton de 24 tubes de balles Bullpadel Next Pro,13,Bullpadel,balles,no player
Carton de 24 tubes de balles Wilson Premier Padel Speed,14,Wilson,balles,no player
Carton de 24 tubes de balles Head Padel Pro+,15,Head,balles,no player
Tripack de 3 balles Nox Nerbo,16,Nox,balles,no player
Tube de 3 balles Bullpadel Premium Pro,17,Bullpadel,balles,no player
Carton de 24 tubes de balles Bullpadel Premium Pro,18,Bullpadel,balles,no player
Tube de 3 balles Head Padel Team,19,Head,balles,no player
Tube de 3 balles Bullpadel Next Pro,20,Bullpadel,balles,no player
Pack de 12 tubes de balles Head Padel Pro S+,21,Head,balles,no player
Tube de 3 balles Nox Nerbo,22,Nox,balles,no player
Tube de 3 balles Head Padel Pro S+,23,Head,balles,no player
Tripack de 3 balles Bullpadel Premium Pro,24,Bullpadel,balles,no player
Chaussures de padel Femme Bullpadel Flow 25I Bleu,25,Bullpadel,Chaussures,Alejandra Salazar
Chaussures de padel Femme Bullpadel Pearl Vibram 25I Noir,26,Bullpadel,Chaussures,Bea GonzÃ¡lez
Chaussures de padel Femme Bullpadel Pearl Vibram 25V Vert,27,Bullpadel,Chaussures,Bea GonzÃ¡lez
Chaussures de padel Femme Bullpadel Pearl Vibram 25I Gris,28,Bullpadel,Chaussures,Bea GonzÃ¡lez
Chaussures de padel Femme Bullpadel Vertex Vibram 25I Blanc,29,Bullpadel,Chaussures,Delfi Brea
Chaussures de padel Femme Bullpadel Vertex Vibram 25I Bleu,30,Bullpadel,Chaussures,Delfi Brea
Chaussures de padel Femme Bullpadel Vertex Vibram 25V Bleu,31,Bullpadel,Chaussures,Delfi Brea
Chaussures de padel Femme Bullpadel Vertex Vibram 26V Noir,32,Bullpadel,Chaussures,Delfi Brea
Chaussures de padel Femme Bullpadel Vertex Vibram 26V Gris,33,Bullpadel,Chaussures,Delfi Brea
Chaussures de padel Homme Bullpadel Neuron Vibram 25I Blanc Edition France,34,Bullpadel,Chaussures,Federico Chingotto
Chaussures de padel Homme Bullpadel Neuron Vibram 25V Blanc,35,Bullpadel,Chaussures,Federico Chingotto
Chaussures de padel Homme Bullpadel Neuron Vibram 25V Noir,36,Bullpadel,Chaussures,Federico Chingotto
Chaussures de padel Homme Bullpadel Neuron Vibram 25I Noir,37,Bullpadel,Chaussures,Federico Chingotto
Chaussures de padel Homme Bullpadel Neuron Vibram 25I Blanc,38,Bullpadel,Chaussures,Federico Chingotto
Chaussures de padel Homme Bullpadel Neuron Vibram 25V Orange,39,Bullpadel,Chaussures,Federico Chingotto
Chaussures de padel Homme Bullpadel Neuron Vibram 25I Bleu,40,Bullpadel,Chaussures,Federico Chingotto
Chaussures de padel Homme Bullpadel Neuron 26V Blanc,41,Bullpadel,Chaussures,Federico Chingotto
Chaussures de padel Homme Bullpadel Neuron 26V Gris,42,Bullpadel,Chaussures,Federico Chingotto
Chaussures de padel Homme Bullpadel Neuron 26V Bleu,43,Bullpadel,Chaussures,Federico Chingotto
Chaussures de padel Homme Wilson Bela Tour Blanc,44,Wilson,Chaussures,Fernando Belasteguin
Chaussures de padel Wilson Bela Tour Noir,45,Wilson,Chaussures,Fernando Belasteguin
Chaussures de padel Femme Wilson Bela Pro Rouge,46,Wilson,Chaussures,Fernando Belasteguin
Chaussures de padel Femme Bullpadel Elite 25I Blanc,47,Bullpadel,Chaussures,Gemma Triay
Chaussures de padel Femme Bullpadel Elite 24I Bleu Marine,48,Bullpadel,Chaussures,Gemma Triay
Chaussures de Padel femme Bullpadel Elite 23I Vert/Rose,49,Bullpadel,Chaussures,Gemma Triay
Chaussures de padel Homme Babolat Jet Premura 2 Lebron Bleu/Blanc,50,Babolat,Chaussures,Juan Lebron
Chaussures de padel Homme Babolat Jet Premura 2 Lebron Bleu,51,Babolat,Chaussures,Juan Lebron
Chaussures de padel Homme Babolat Premura 3 Lebron Blanc/Orange,52,Babolat,Chaussures,Juan Lebron
Chaussures de padel Homme Bullpadel Vertex Vibram 25I Bleu Marine,53,Bullpadel,Chaussures,Juan Tello
Chaussures de padel Homme Bullpadel Vertex Vibram 25V Jaune,54,Bullpadel,Chaussures,Juan Tello
Chaussures de padel Homme Bullpadel Vertex Vibram 25I Vert,55,Bullpadel,Chaussures,Juan Tello
Chaussures de padel Homme Bullpadel Vertex Vibram 25I Rouge,56,Bullpadel,Chaussures,Juan Tello
Chaussures de padel Homme Bullpadel Vertex Vibram 26V Noir,57,Bullpadel,Chaussures,Juan Tello
Chaussures de padel Homme Bullpadel Vertex Vibram 26V Bleu,58,Bullpadel,Chaussures,Juan Tello
Chaussures de padel Homme Bullpadel Vertex Vibram 26V Orange,59,Bullpadel,Chaussures,Juan Tello
Chaussures de padel Homme Bullpadel XPLO Vibram 26V Orange,60,Bullpadel,Chaussures,Martin Di Nenno
Chaussures de padel Homme Bullpadel XPLO Vibram 26V Blanc,61,Bullpadel,Chaussures,Martin Di Nenno
Chaussures de padel Homme Bullpadel XPLO Vibram 26V Gris,62,Bullpadel,Chaussures,Martin Di Nenno
Chaussures de padel Homme Bullpadel Hack Vibram 25V Gris,63,Bullpadel,Chaussures,Paquito Navarro
Chaussures de padel Homme Bullpadel Hack Hybrid Fly 23I Bleu,64,Bullpadel,Chaussures,Paquito Navarro
Chaussures de padel Homme Bullpadel Hack Hybrid Fly 23I Gris,65,Bullpadel,Chaussures,Paquito Navarro
Chaussures de padel Homme K-Swiss Ultra Court Padel Sanyo,66,K-Swiss,Chaussures,Sanyo Gutierrez
Chaussures de padel Homme Adidas Crazyquick LS Blanc/Rouge,67,Adidas,Chaussures,no player
Chaussures de padel Homme Babolat Jet Viva Blanc,68,Babolat,Chaussures,no player
Chaussures de padel Homme Adidas Crazyquick Boost Blanc/Rouge,69,Adidas,Chaussures,no player
Chaussures de padel Homme Asics Gel-Resolution X Padel,70,Asics,Chaussures,no player
Chaussures de padel Femme Babolat Jet Ritma gris/rose,71,Babolat,Chaussures,no player
Chaussures de padel Homme Asics Gel-Resolution X Padel Bleu Marine,72,Asics,Chaussures,no player
Chaussures de padel Homme Babolat Jet Premura 2 Noir/Rouge,73,Babolat,Chaussures,no player
Chaussures de padel Homme Babolat Jet Premura 2 Orange/Noir,74,Babolat,Chaussures,no player
Chaussures de padel Homme Head Motion Pro Boa Blanc,75,Head,Chaussures,no player
Chaussures de padel Homme Babolat Movea 2 Blanc,76,Babolat,Chaussures,no player
Chaussures de padel Homme Head Sprint Pro 4.0 Blanc/Noir,77,Head,Chaussures,no player
Chaussures de padel Femme Babolat Jet Ritma jaune/blanche,78,Babolat,Chaussures,no player
Chaussures de padel Homme Nox AT10 Pro Blanc,79,Nox,Chaussures,Agustin Tapia
Chaussures de padel Homme Nox AT10 Lux Noir/Rouge,80,Nox,Chaussures,Agustin Tapia
Chaussures de padel Homme Nox AT10 Limited Edition 2024,81,Nox,Chaussures,Agustin Tapia
Chaussures de padel Homme Nox AT10 Lux Gris/Bleu,82,Nox,Chaussures,Agustin Tapia
Chaussures de padel Femme Nox AT10 Lux Blanc/Gris,83,Nox,Chaussures,Agustin Tapia
Chaussures de padel Homme Nox AT10 Pro Noir/Gold,84,Nox,Chaussures,Agustin Tapia
Chaussures de padel Homme Nox AT10 Pro Noir/Rouge,85,Nox,Chaussures,Agustin Tapia
Chaussures de padel Femme Nox AT10 Pro Blanc,86,Nox,Chaussures,Agustin Tapia
Chaussures de padel Femme Nox AT10 Pro Blanc/Rose,87,Nox,Chaussures,Agustin Tapia
Chaussures de padel Homme Nox AT10 Pro Rouge,88,Nox,Chaussures,Agustin Tapia
Chaussures de padel Unisex Nox AT10 Lux Blanc,89,Nox,Chaussures,Agustin Tapia
Chaussures de padel Homme Nox AT10 Lux Marron,90,Nox,Chaussures,Agustin Tapia
Chaussures de padel Unisex Nox AT10 Lux Noir,91,Nox,Chaussures,Agustin Tapia
Chaussures de padel Unisex Nox AT10 Pro Blanc,92,Nox,Chaussures,Agustin Tapia
Chaussures de padel Homme Nox AT10 Lux Bleu Marine,93,Nox,Chaussures,Agustin Tapia
Chaussures de padel Femme Nox AT10 Lux Bleu,94,Nox,Chaussures,Agustin Tapia
Chaussures de padel Homme Nox AT10 Pro Beige,95,Nox,Chaussures,Agustin Tapia
Chaussures de padel Homme Nox AT10 Pro Noir,96,Nox,Chaussures,Agustin Tapia
Chaussures de padel Femme Nox AT10 Pro Violet,97,Nox,Chaussures,Agustin Tapia
Chaussures de padel Femme Nox AT10 Pro Beige,98,Nox,Chaussures,Agustin Tapia
Chaussures de padel Unisex Nox AT10 Pro Bleu,99,Nox,Chaussures,Agustin Tapia
Chaussures de padel Femme Nox AT10 Pro Orange,100,Nox,Chaussures,Agustin Tapia
Chaussures de padel Homme Nox ML10 Noir/Gris,101,Nox,Chaussures,Miguel Lamperti
Chaussures de padel Homme Nox ML10 Blanc,102,Nox,Chaussures,Miguel Lamperti
Chaussures de padel Homme Nox ML10 Hexa Bleu rouge,103,Nox,Chaussures,Miguel Lamperti
Chaussures de padel Unisex Nox ML10 Hexa Blanc,104,Nox,Chaussures,Miguel Lamperti
Chaussures de padel Homme Nox ML10 Hexa Bleu,105,Nox,Chaussures,Miguel Lamperti
Chaussures de padel Homme Nox ML10 Hexa Noir,106,Nox,Chaussures,Miguel Lamperti
T-shirt Nox Replica Agustin Tapia AT10 Bleu Marine 2025,107,Nox,T-shirt,Agustin Tapia
T-shirt Nox Replica Agustin Tapia AT10 Blanc 2025,108,Nox,T-shirt,Agustin Tapia
T-shirt Nox Replica Agustin Tapia AT10 Noir 2025,109,Nox,T-shirt,Agustin Tapia
T-shirt Nox Replica Agustin Tapia AT10 Gris 2025,110,Nox,T-shirt,Agustin Tapia
DÃ©bardeur Bullpadel Rizon Femme Rose,111,Bullpadel,DÃ©bardeur,Alejandra Salazar
DÃ©bardeur Bullpadel Rizon Blanc Femme,112,Bullpadel,DÃ©bardeur,Alejandra Salazar
T-shirt Bullpadel Replica Alejandra Salazar Yeco Bleu Femme,113,Bullpadel,T-shirt,Alejandra Salazar
DÃ©bardeur Bullpadel Junior Replica ALEJANDRA SALAZAR Erdine AS,114,Bullpadel,DÃ©bardeur,Alejandra Salazar
T-shirt Head Replica Coello Couronne 2025,115,Head,T-shirt,Arturo Coello
T-shirt Head Replica Coello Noir 2026,116,Head,T-shirt,Arturo Coello
Jupe Bullpadel Brozas Bleu Marine Femme,117,Bullpadel,Jupe,Bea GonzÃ¡lez
T-shirt Bullpadel Bilma Replica Bea GonzÃ¡lez Vert Femme,118,Bullpadel,T-shirt,Bea GonzÃ¡lez
Short Bullpadel Berbi Blanc Femme,119,Bullpadel,Short,Bea GonzÃ¡lez
Jupe Bullpadel Brozas Bleu Femme,120,Bullpadel,Jupe,Bea GonzÃ¡lez
T-shirt Bullpadel Belvis Bleu Marine Femme,121,Bullpadel,T-shirt,Bea GonzÃ¡lez
T-shirt Bullpadel Belvis Bleu Femme,122,Bullpadel,T-shirt,Bea GonzÃ¡lez
Jupe Bullpadel Biela Blanc Femme,123,Bullpadel,Jupe,Bea GonzÃ¡lez
T-shirt Bullpadel Replica Bea 25I Orange Femme,124,Bullpadel,T-shirt,Bea GonzÃ¡lez
Jupe Bullpadel Barca Bleu Femme,125,Bullpadel,Jupe,Bea GonzÃ¡lez
T-shirt Bullpadel Bilma Bleu Marine Femme,126,Bullpadel,T-shirt,Bea GonzÃ¡lez
T-shirt Bullpadel Bilme Blanc Femme,127,Bullpadel,T-shirt,Bea GonzÃ¡lez
Jupe Bullpadel Biela Orange Femme,128,Bullpadel,Jupe,Bea GonzÃ¡lez
T-shirt Bullpadel Bilme Orange Femme,129,Bullpadel,T-shirt,Bea GonzÃ¡lez
T-shirt Bullpadel Replica Bea 25I Orange Junior Girl,130,Bullpadel,T-shirt,Bea GonzÃ¡lez
T-shirt Bullpadel Replica Bea GonzÃ¡lez 25V Bleu Femme,131,Bullpadel,T-shirt,Bea GonzÃ¡lez
T-shirt Bullpadel Pinatar Replica Bea GonzÃ¡lez Femme,132,Bullpadel,T-shirt,Bea GonzÃ¡lez
T-shirt Bullpadel Replica Bea GonzÃ¡lez 25V Bleu Junior,133,Bullpadel,T-shirt,Bea GonzÃ¡lez
DÃ©bardeur Bullpadel Brete Replica Brea Noir Femme,134,Bullpadel,DÃ©bardeur,Delfi Brea
Jupe Bullpadel Catoira Bleu Femme,135,Bullpadel,Jupe,Delfi Brea
Jupe Bullpadel Diya Noir Femme,136,Bullpadel,Jupe,Delfi Brea
T-shirt Bullpadel Replica Delfi Brea 25I Bleu Femme,137,Bullpadel,T-shirt,Delfi Brea
T-shirt Bullpadel Prior Replica Frederico Chingotto,138,Bullpadel,T-shirt,Federico Chingotto
T-shirt Bullpadel Replica Chingotto 25V Orange,139,Bullpadel,T-shirt,Federico Chingotto
T-shirt Bullpadel Replica Chingotto 25I Gris,140,Bullpadel,T-shirt,Federico Chingotto
T-shirt Bullpadel Replica Chingotto 25I Vert,141,Bullpadel,T-shirt,Federico Chingotto
T-shirt Bullpadel Replica Chingotto 25I Vert Junior,142,Bullpadel,T-shirt,Federico Chingotto
T-shirt Wilson Seamless Crew 2.0,143,Wilson,T-shirt,Fernando Belasteguin
T-shirt Wilson Seamless Crew 2.0 Blanc,144,Wilson,T-shirt,Fernando Belasteguin
T-shirt Siux Replica Electra Stupa Noir 2025,145,Siux,T-shirt,Franco Stupaczuk
T-shirt Siux Replica Electra Stupa Officiel Blanc 2025,146,Siux,T-shirt,Franco Stupaczuk
T-shirt Siux Electra Stupa Bleu,147,Siux,T-shirt,Franco Stupaczuk
Short Siux Electra Stupa Bleu Marine,148,Siux,Short,Franco Stupaczuk
T-shirt Siux Electra Stupa Noir,149,Siux,T-shirt,Franco Stupaczuk
Veste Siux Electra Stupa Bleu,150,Siux,Veste,Franco Stupaczuk
Pull Siux Replica Electra Stupa,151,Siux,T-shirt,Franco Stupaczuk
T-Shirt Siux Replica Electra X Stupa Blanc,152,Siux,T-shirt,Franco Stupaczuk
Jupe Bullpadel Atria Beige Femme,153,Bullpadel,Jupe,Gemma Triay
DÃ©bardeur Bullpadel Aza Beige Femme,154,Bullpadel,DÃ©bardeur,Gemma Triay
Jupe Bullpadel Atria Rouge Femme,155,Bullpadel,Jupe,Gemma Triay
DÃ©bardeur Bullpadel Aza Rouge Femme,156,Bullpadel,DÃ©bardeur,Gemma Triay
DÃ©bardeur Bullpadel Edrar Replica Triay Rose Femme,157,Bullpadel,DÃ©bardeur,Gemma Triay
DÃ©bardeur Bullpadel Replica Gemma 25I Femme,158,Bullpadel,DÃ©bardeur,Gemma Triay
T-shirt Bullpadel Replica Gemma TRIAY Yeco saumon Femme,159,Bullpadel,T-shirt,Gemma Triay
T-shirt Babolat Cotton Tee Lebron Bleu Marine,160,Babolat,T-shirt,Juan Lebron
T-shirt Babolat Replica Crew Neck Tee Lebron Rose,161,Babolat,T-shirt,Juan Lebron
Short Babolat Lebron Bleu Marine,162,Babolat,Short,Juan Lebron
Short Babolat Lebron Blanc/Rose,163,Babolat,Short,Juan Lebron
T-shirt Babolat Crew Neck Tee Lebron Blanc,164,Babolat,T-shirt,Juan Lebron
T-shirt Babolat Replica Crew Neck Tee Lebron Blanc/Gris,165,Babolat,T-shirt,Juan Lebron
T-shirt Babolat Cotton Tee Lebron Rouge,166,Babolat,T-shirt,Juan Lebron
T-shirt Babolat Cotton Tee Lebron Bleu,167,Babolat,T-shirt,Juan Lebron
T-shirt Babolat Crew Neck Tee Lebron Gris,168,Babolat,T-shirt,Juan Lebron
T-shirt Babolat Crew Neck Tee Lebron Bleu,169,Babolat,T-shirt,Juan Lebron
Chaussettes Babolat Mid-Calf Lebron Blanc,170,Babolat,Chaussettes,Juan Lebron
T-shirt Babolat Cotton Tee Lebron Blanc/Rose,171,Babolat,T-shirt,Juan Lebron
T-shirt Babolat Crew Neck Tee Lebron Rouge,172,Babolat,T-shirt,Juan Lebron
T-shirt Babolat Crew Neck Tee Juan Lebron Vert,173,Babolat,T-shirt,Juan Lebron
Chaussettes Babolat Mid-Calf Socks Juan Lebron Bleu Marine,174,Babolat,Chaussettes,Juan Lebron
Chaussettes Babolat Mid-Calf Socks Juan Lebron Blanc/Bleu,175,Babolat,Chaussettes,Juan Lebron
Sweat Babolat Hood Lebron Rouge,176,Babolat,Sweat,Juan Lebron
Veste Babolat Jacket Lebron Gris Clair,177,Babolat,Veste,Juan Lebron
Sweat Babolat Hood Lebron Gris Clair,178,Babolat,Sweat,Juan Lebron
Veste Babolat Jacket Lebron Gris,179,Babolat,Veste,Juan Lebron
Short Babolat Lebron Noir,180,Babolat,Short,Juan Lebron
T-shirt Babolat Cotton Tee Lebron Blanc,181,Babolat,T-shirt,Juan Lebron
T-shirt Babolat Cotton Tee Lebron Bleu/Orange,182,Babolat,T-shirt,Juan Lebron
Chaussettes Babolat Mid-Calf Socks Juan Lebron Blanc/Orange,183,Babolat,Chaussettes,Juan Lebron
T-shirt Bullpadel Replica Tello 25V Kaki,184,Bullpadel,T-shirt,Juan Tello
T-shirt Bullpadel Replica Tello 25I Bleu,185,Bullpadel,T-shirt,Juan Tello
T-shirt Siux Replica Fenix X Augsburger Noir,186,Siux,T-shirt,Leo Augsburger
T-shirt Bullpadel Acilio Replica Di Nenno Jaune,187,Bullpadel,T-shirt,Martin Di Nenno
T-shirt Bullpadel Meira Replica Di Nenno Jaune,188,Bullpadel,T-shirt,Martin Di Nenno
T-shirt Bullpadel Prior Replica Martin Di Nenno,189,Bullpadel,T-shirt,Martin Di Nenno
T-shirt Bullpadel Replica Di Nenno 25V Noir,190,Bullpadel,T-shirt,Martin Di Nenno
T-shirt Bullpadel Replica Di Nenno 25I Noir,191,Bullpadel,T-shirt,Martin Di Nenno
T-shirt Bullpadel Replica Di Nenno 25V Blanc,192,Bullpadel,T-shirt,Martin Di Nenno
T-shirt Bullpadel Replica Di Nenno 25I Rouge,193,Bullpadel,T-shirt,Martin Di Nenno
T-shirt Bullpadel Replica Di Nenno 25I Rouge Junior,194,Bullpadel,T-shirt,Martin Di Nenno
T-shirt Bullpadel Meira Replica Paquito Navarro Bleu Junior,195,Bullpadel,T-shirt,Paquito Navarro
T-shirt Bullpadel Prior Replica Paquito Navarro,196,Bullpadel,T-shirt,Paquito Navarro
T-shirt Bullpadel Replica Paquito 25I Vert,197,Bullpadel,T-shirt,Paquito Navarro
T-shirt Bullpadel Replica Paquito 25I Blanc,198,Bullpadel,T-shirt,Paquito Navarro
T-shirt Bullpadel Replica Paquito 25V Gris,199,Bullpadel,T-shirt,Paquito Navarro
T-shirt Bullpadel Replica Paquito 25V Jaune Junior,200,Bullpadel,T-shirt,Paquito Navarro
T-shirt Bullpadel Replica Paquito 25V Jaune,201,Bullpadel,T-shirt,Paquito Navarro
Short Siux Diablo Sanyo Blanc,202,Siux,Short,Sanyo Gutierrez
T-shirt Siux Replica Diablo Sanyo FW24 Bleu,203,Siux,T-shirt,Sanyo Gutierrez
Pull Siux Replica Diablo Sanyo Bleu,204,Siux,T-shirt,Sanyo Gutierrez
T-shirt Siux Diablo Sanyo Blanc,205,Siux,T-shirt,Sanyo Gutierrez
Veste Siux Replica Diablo Sanyo Blanc,206,Siux,Veste,Sanyo Gutierrez
T-shirt Siux Replica Diablo Sanyo FW24 Rouge,207,Siux,T-shirt,Sanyo Gutierrez
T-shirt Siux Diablo Sanyo Gris FoncÃ©,208,Siux,T-shirt,Sanyo Gutierrez
T-shirt Siux Replica Sanyo Blanc,209,Siux,T-shirt,Sanyo Gutierrez
Chaussettes Nox Pro Series,210,Nox,Chaussettes,no player
Short Nox Team Noir,211,Nox,Short,no player
Short Nox Team Bleu,212,Nox,Short,no player
T-shirt Esprit Padel Shop Bleu,213,T-shirt,T-shirt,no player
Short Babolat Play Noir,214,Babolat,Short,no player
Short Babolat Play Blanc,215,Babolat,Short,no player
Short Nox Team Blanc,216,Nox,Short,no player
T-shirt Nox Team Regular Bleu,217,Nox,T-shirt,no player
T-shirt Nox Team Noir,218,Nox,T-shirt,no player
Chaussettes Babolat Blanc x3,219,Babolat,Chaussettes,no player
T-shirt Nox Team Blanc,220,Nox,T-shirt,no player
T-shirt Nox Team Regular Gris,221,Nox,T-shirt,no player
Chaussettes Bullpadel BP 2409 x3,222,Bullpadel,Chaussettes,no player
Short Nox Team Rouge,223,Nox,Short,no player
Chaussettes Babolat x3 Couleurs,224,Babolat,Chaussettes,no player
T-shirt Esprit Padel Shop Noir,225,T-shirt,T-shirt,no player
Short Babolat Play Bleu Marine,226,Babolat,Short,no player
Chaussettes Babolat Noir x3,227,Babolat,Chaussettes,no player
T-shirt K-Bot Manches courtes Albano Padel,228,T-shirt,T-shirt,no player
Raquette de padel Nox AT10 Genius 18K by Agustin Tapia 2025,229,Nox,racket,Agustin Tapia
Raquette de padel Adidas Metalbone 3.4 2025,230,Adidas,racket,Alejandro Galan
Raquette de padel Head Speed Motion,231,Head,racket,Sanyo Gutierrez
Raquette de padel Head Extreme Pro 2024,232,Head,racket,Sanyo Gutierrez
Raquette de padel Adidas Metalbone HRD+ 3.4 2025,233,Adidas,racket,Alejandro Galan
Raquette de padel Wilson Bela Pro V2.5,234,Wilson,racket,Fernando Belasteguin
Raquette de padel Wilson Defy Pro 2025,235,Wilson,racket,no player
Raquette de padel Wilson Blade Pro V3,236,Wilson,racket,no player
Raquette de padel Head Speed Motion 2025,237,Head,racket,Sanyo Gutierrez
Raquette de padel Head Coello Pro 2025,238,Head,racket,Arturo Coello
Raquette de padel Head Extreme Pro LTD Arturo Coello,239,Head,racket,Arturo Coello
Raquette de padel Head Coello Motion 2025,240,Head,racket,Arturo Coello
Raquette de padel Nox AT10 Genius 12K Alum Xtreme by AgustÃ­n Tapia 2026,241,Nox,racket,Agustin Tapia
Raquette de padel Adidas Metalbone 3.4 Pro EDT Series 2025,242,Adidas,racket,Alejandro Galan
Raquette de padel Adidas Adipower Multiweight Control 3.4 2025,243,Adidas,racket,Alejandro Galan
Raquette de padel Wilson Bela Pro V3 2025,244,Wilson,racket,Fernando Belasteguin
Raquette de padel Head Extreme Motion 2025,245,Head,racket,Sanyo Gutierrez
Raquette de padel Siux Diablo Pro 4 Tino Libaak 2025,246,Siux,racket,Tino Libaak
Raquette de padel Wilson Bela V3 2025,247,Wilson,racket,Fernando Belasteguin
Raquette de padel Nox AT10 18K Argentine 2025,248,Nox,racket,Agustin Tapia
Raquette de padel Adidas Metalbone 3.5 2026,249,Adidas,racket,Alejandro Galan
Raquette de padel Nox AT10 Genius 18K Alum 2026,250,Nox,racket,Agustin Tapia
Raquette de padel Head Coello Team 2025,251,Head,racket,Arturo Coello
Pack Bullpadel Vertex 04 Comfort Homme 2025,252,Bullpadel,racket,Juan Lebron
