team_key,team_matches,team_wins,team_3set_matches,team_win_rate,team_3set_wins,team_clutch_rate,team_elo
Abdulla Alhijji / Mohammed Saadon Alkuwari,5,0,0,0.0,0.0,0.0,1427.7591079774559
Adria Mercadal / Ruben Rivera,3,0,3,0.0,0.0,0.0,1461.6255996369655
Adrian Marques Berdonce / Gerard Arnaldos Serrano,2,1,0,0.5,0.0,0.0,1495.903499223931
Adrian Marques Berdonce / Marc Sintes Villalonga,5,1,2,0.2,1.0,0.5,1454.137324563751
Adrian Marques Berdonce / Marco Cassetta,1,0,0,0.0,0.0,0.0,1486.202936746525
Adrian Marques Berdonce / Mario Huete Hernandez,6,3,0,0.5,0.0,0.0,1504.9936969136045
Adrian Naranjo Martinez / Christian Fuster,1,0,1,0.0,0.0,0.0,1484.065215892309
Agustin Gomez Silingo / Juan Martin Diaz Martinez,2,0,2,0.0,0.0,0.0,1466.7944528546584
Agustin Gomez Silingo / Pablo Lima,5,4,3,0.8,3.0,1.0,1541.2974684859914
Agustin Gutierrez / Carlos Daniel Gutierrez,2,0,2,0.0,0.0,0.0,1472.1260693796585
Agustin Gutierrez / Javier Valdes,4,3,1,0.75,0.0,0.0,1533.2592167916912
Agustin Gutierrez / Jose Rico,11,4,2,0.36363636363636365,1.0,0.5,1464.5718465820385
Agustin Tapia / Arturo Coello,3,3,1,1.0,1.0,1.0,1561.3678398744005
Agustín Torre / Alvaro Cepero,9,2,4,0.2222222222222222,0.0,0.0,1438.8064493404138
Agustín Torre / Enzo Jensen Sirvent,2,1,1,0.5,1.0,1.0,1499.2336382750264
Agustín Torre / Mario Ortega,2,0,2,0.0,0.0,0.0,1468.826648849109
Aimar Goñi Lacabe / Mario Ortega,4,3,2,0.75,1.0,0.5,1534.757770425229
Aitor Garcia / Mario Huete Hernandez,5,4,2,0.8,2.0,1.0,1545.21285433258
Aitor Garcia / Miguel Angel Solbes,2,0,0,0.0,0.0,0.0,1470.8431715516024
Aitor Garcia / Pedro Vera,3,0,0,0.0,0.0,0.0,1450.7877151612931
Alberto Garcia Jimenez / Christian Medina Murphy,3,2,1,0.6666666666666666,1.0,1.0,1513.02838220456
Alberto Garcia Trabanco / Ivan Ramirez,1,0,1,0.0,0.0,0.0,1484.0
Alberto Garcia Trabanco / Pablo Marqués Gonzalez,1,0,0,0.0,0.0,0.0,1483.2975328274754
Albin Olsson / Douglas Rutgersson,1,0,0,0.0,0.0,0.0,1486.1316099077264
Alejandro Arroyo / Alejandro Ruiz,7,4,1,0.5714285714285714,0.0,0.0,1534.8981392053615
Alejandro Arroyo / Carlos Daniel Gutierrez,11,5,4,0.45454545454545453,1.0,0.25,1490.7298077494172
Alejandro Arroyo / Eduardo Alonso,11,10,6,0.9090909090909091,6.0,1.0,1614.1147849896752
Alejandro Arroyo / Gonzalo Rubio,9,7,4,0.7777777777777778,4.0,1.0,1562.3024509666543
Alejandro Galan / Federico Chingotto,22,17,3,0.7727272727272727,0.0,0.0,1675.9592353060248
Alejandro Galan / Juan Lebron,5,4,0,0.8,0.0,0.0,1541.0352885567913
Alejandro Jerez Carnero / Miguel Lamperti,2,0,0,0.0,0.0,0.0,1470.7007750376208
Alejandro Ruiz / Alejandro Arroyo,9,5,2,0.5555555555555556,0.0,0.0,1519.0083528648838
Alejandro Ruiz / Alex Chozas,4,2,1,0.5,0.0,0.0,1502.2232801722698
Alejandro Ruiz / Javier Garrido,6,3,5,0.5,2.0,0.4,1517.1350006566404
Alejandro Ruiz / Juan Lebron,3,2,1,0.6666666666666666,0.0,0.0,1515.5851343717297
Alejandro Ruiz / Juan Tello,12,9,3,0.75,2.0,0.6666666666666666,1576.8612454627398
Alejandro Ruiz / Maximiliano Sanchez,1,0,0,0.0,0.0,0.0,1483.2975328274754
Alejandro Ruiz / Victor Ruiz,1,0,0,0.0,0.0,0.0,1486.3964881518625
Alejandro Ruiz Granados / Juanlu Esbri,4,4,0,1.0,0.0,0.0,1557.5211186503761
Alejandro Ruiz Granados / Maximiliano Sanchez Aguero,5,3,1,0.6,0.0,0.0,1517.7917401533412
Alejandro Ruiz Granados / Victor Ruiz,6,4,3,0.6666666666666666,3.0,1.0,1541.9195821889366
Alex Chozas / Alejandro Ruiz,3,2,3,0.6666666666666666,2.0,0.6666666666666666,1519.8806451708108
Alex Chozas / Alvaro Cepero,1,1,1,1.0,1.0,1.0,1516.0
Alex Chozas / Carlos Daniel Gutierrez,9,5,5,0.5555555555555556,5.0,1.0,1523.9550703962507
Alex Chozas / Eduardo Alonso,1,1,1,1.0,1.0,1.0,1515.8893503981005
Alex Chozas / Facundo Dominguez,1,0,1,0.0,0.0,0.0,1489.4620403917172
Alex Chozas / Leandro Augsburger,20,11,10,0.55,5.0,0.5,1527.4375275264374
Alex Chozas / Leonel Daniel Aguirre,1,0,0,0.0,0.0,0.0,1484.400793143646
Alex Chozas / Lucas Campagnolo,2,1,0,0.5,0.0,0.0,1506.1421720454184
Alex Chozas / Miguel Lamperti,1,0,0,0.0,0.0,0.0,1486.1687239731932
Alonso Rodriguez Martinez / Cristian German Gutierrez,2,0,0,0.0,0.0,0.0,1472.1260693796585
Alonso Rodriguez Martinez / Daniel Santigosa Sastre,2,0,0,0.0,0.0,0.0,1467.6187107877354
Alonso Rodriguez Martinez / Javier Martinez,4,0,1,0.0,0.0,0.0,1448.0717643801026
Alonso Rodriguez Martinez / Jose Luis Gonzalez,2,1,0,0.5,0.0,0.0,1496.257527857977
Alonso Rodriguez Martinez / Juan Ignacio Rubini,9,4,2,0.4444444444444444,2.0,1.0,1498.579249628921
Alonso Rodriguez Martinez / Nicolas Suescun,2,1,2,0.5,1.0,0.5,1500.736306793522
Alvaro Cepero / Agustín Torre,3,0,3,0.0,0.0,0.0,1456.252866366389
Alvaro Cepero / Eduardo Agustin Torre,3,1,2,0.3333333333333333,1.0,0.5,1484.8299519475484
Alvaro Cepero / Jose David Sanchez,3,0,3,0.0,0.0,0.0,1458.066488397546
Alvaro Cepero / Miguel Benitez Lara,15,6,8,0.4,3.0,0.375,1463.7024901383147
Alvaro Lopez Campos / Marc Lupon Martinez,1,0,0,0.0,0.0,0.0,1483.263693206478
Alvaro Montiel Caruso / Flavio Abbate,3,1,1,0.3333333333333333,1.0,1.0,1482.5444317640643
Alvaro Montiel Caruso / Juan Cruz Belluati,3,3,0,1.0,0.0,0.0,1546.5536703596827
Alvaro Montiel Caruso / Leonardo Yob,2,1,1,0.5,0.0,0.0,1498.6046082411501
Alvaro Montiel Caruso / Simon Vasquez,2,0,0,0.0,0.0,0.0,1470.873795956988
Alvaro Montiel Caruso / Thomas Leygue,2,0,2,0.0,0.0,0.0,1467.9909099978925
Amr Hassan / Abdulaziz Saadon Alkuwari,2,0,0,0.0,0.0,0.0,1474.6280584329488
Andres Devletian / Diego Gonzalez Almedo,1,0,0,0.0,0.0,0.0,1482.8247394492612
Andres Fernandez Lancha / Alvaro Cepero,6,3,2,0.5,1.0,0.5,1499.7322726128818
Andres Fernandez Lancha / Enzo Jensen Sirvent,7,1,3,0.14285714285714285,0.0,0.0,1427.4246129766495
Andres Fernandez Lancha / Ignacio Sager,6,2,3,0.3333333333333333,0.0,0.0,1478.4212129840516
Andres Fernandez Lancha / Pablo Garcia Rodrigo,2,0,2,0.0,0.0,0.0,1477.2769567047364
Andres Fernandez Lancha / Rodrigo Coello Manso,1,1,1,1.0,1.0,1.0,1516.0
Anton Sans / David Gala Sanchez,6,2,2,0.3333333333333333,1.0,0.5,1464.2049068107385
Anton Sans / Marc Quilez,6,3,3,0.5,1.0,0.3333333333333333,1504.1823576466195
Anton Sans / Teodoro Zapata,5,0,1,0.0,0.0,0.0,1423.0972152530846
Antonio Fernandez / Gonzalo Rubio,2,0,2,0.0,0.0,0.0,1469.4695015289756
Antonio Fernandez / Javier Barahona,3,1,1,0.3333333333333333,1.0,1.0,1488.8965417535567
Antonio Fernandez / Jose Antonio Diestro,4,4,2,1.0,2.0,1.0,1558.404429091366
Antonio Fernandez / Jose Jimenez Casas,17,8,4,0.47058823529411764,4.0,1.0,1511.0442235923047
Antonio Fernandez / Juan Cruz Belluati,1,0,0,0.0,0.0,0.0,1485.919521141343
Antonio Fernandez / Mario Del Castillo,1,0,0,0.0,0.0,0.0,1484.736306793522
Antonio Fernandez / Pablo Cardona,12,7,8,0.5833333333333334,4.0,0.5,1534.353092104012
Antonio Fernandez / Pablo Garcia Rodrigo,6,1,2,0.16666666666666666,0.0,0.0,1450.7662641816153
Antonio Luque / Facundo Dominguez,2,1,0,0.5,0.0,0.0,1499.263693206478
Antonio Luque / Jose Luis Gonzalez,1,0,1,0.0,0.0,0.0,1484.8299066689976
Aris Patiniotis / Cristian German Gutierrez,1,0,0,0.0,0.0,0.0,1483.263693206478
Aris Patiniotis / David Gala,6,2,3,0.3333333333333333,2.0,0.6666666666666666,1468.226962924444
Aris Patiniotis / David Gala Sanchez,4,2,2,0.5,1.0,0.5,1503.1692994940834
Aris Patiniotis / Emilio Sanchez Chamero,7,1,2,0.14285714285714285,0.0,0.0,1434.2100426503246
Aris Patiniotis / Facundo Dominguez,12,5,6,0.4166666666666667,1.0,0.16666666666666666,1454.0851696402833
Aris Patiniotis / Gonzalo Gabriel Alfonso,2,1,1,0.5,1.0,1.0,1499.144935532988
Aris Patiniotis / Ignacio Sager,3,0,2,0.0,0.0,0.0,1451.0216648320154
Aris Patiniotis / Javier Valdes,1,0,1,0.0,0.0,0.0,1482.8193893441314
Aris Patiniotis / Jesus Moya,19,12,6,0.631578947368421,4.0,0.6666666666666666,1537.4552630030087
Aris Patiniotis / Jesús Moya Sos,5,1,1,0.2,0.0,0.0,1453.9757802506851
Aris Patiniotis / Jose David Sanchez,1,0,0,0.0,0.0,0.0,1484.736306793522
Arnau Ayats / Alvaro Cepero,4,4,0,1.0,0.0,0.0,1558.404429091366
Arnau Ayats / Francisco Guerrero,17,7,5,0.4117647058823529,2.0,0.4,1473.3043112266039
Arnau Ayats / Jose Rico,2,1,1,0.5,1.0,1.0,1499.462365876014
Arnau Ayats / Pablo Garcia Rodrigo,8,3,4,0.375,0.0,0.0,1481.0921908059292
Arnau Ayats Delgado / Pablo Garcia Rodrigo,6,3,3,0.5,3.0,1.0,1503.7196869066495
Arturo Coello / Agustin Tapia,126,108,21,0.8571428571428571,14.0,0.6666666666666666,2014.322176190905
Axel William Guevara / Carlos Zarhi,1,0,1,0.0,0.0,0.0,1486.0997902966121
Bart Van Opstal / Menno Nolten,1,0,0,0.0,0.0,0.0,1485.3345460748963
Bastien Blanque / Dylan Guichard,2,0,1,0.0,0.0,0.0,1465.38724166985
Benjamin Tison / Aitor Garcia,4,2,0,0.5,0.0,0.0,1494.9111060808216
Benjamin Tison / Mario Huete Hernandez,2,0,0,0.0,0.0,0.0,1472.1260693796585
Benjamin Tison / Victor Mena,4,0,1,0.0,0.0,0.0,1452.4557069852099
Boris Castro Garcia / Enzo Jensen Sirvent,2,2,0,1.0,0.0,0.0,1528.5692701216312
Boris Castro Garcia / Rodrigo Coello Manso,2,0,2,0.0,0.0,0.0,1467.1652077145839
Bram Coene / Joris De Weerdt,1,0,0,0.0,0.0,0.0,1482.5438228795658
Bram Meijer / Sten Richters,1,0,0,0.0,0.0,0.0,1484.7623881987247
Candido Jorge Alfaro / Pablo Castillo Valverde,1,0,0,0.0,0.0,0.0,1484.5978982454728
Carlos Daniel Gutierrez / Gonzalo Gabriel Alfonso,11,4,3,0.36363636363636365,1.0,0.3333333333333333,1472.3352102771662
Carlos Perez Cabeza / Adrian Ronco Lopez,2,1,0,0.5,0.0,0.0,1500.0338330211207
Christian Fuster / Miguel Angel Solbes,1,0,0,0.0,0.0,0.0,1483.263693206478
Clement Geens / Adria Mercadal,1,0,0,0.0,0.0,0.0,1484.0
Clement Geens / Alejandro Jerez Carnero,5,2,0,0.4,0.0,0.0,1487.8859446196673
Clement Geens / Dylan Guichard,1,0,0,0.0,0.0,0.0,1487.8765735620755
Clement Geens / Marco Cassetta,2,0,0,0.0,0.0,0.0,1477.0898143389734
Clement Geens / Thomas Leygue,2,1,0,0.5,0.0,0.0,1495.3157673461967
Cristian German Gutierrez / Facundo Rodrigo Luis Lopez,1,0,0,0.0,0.0,0.0,1484.951467003449
Cristian German Gutierrez / Jorge Ruiz,13,2,2,0.15384615384615385,0.0,0.0,1393.439763980567
Cristian German Gutierrez / Mario Huete Hernandez,9,5,4,0.5555555555555556,4.0,1.0,1518.5325383407765
Cristian German Gutierrez / Renzo Gabriel Nuñez,1,1,0,1.0,0.0,0.0,1516.0
Cristian German Gutierrez / Álvaro Melendez Amaya,1,0,0,0.0,0.0,0.0,1483.263693206478
Cristian Jensen Sirvent / Enzo Jensen Sirvent,3,0,0,0.0,0.0,0.0,1450.7877151612931
Cristobal Martinez / Cristobal Molina,1,0,0,0.0,0.0,0.0,1481.7463640341387
Cristobal Martinez / Pablo Molina Tofanelli,2,0,1,0.0,0.0,0.0,1466.4810986793755
Daniel Appelgren / Douglas Rutgersson,1,0,0,0.0,0.0,0.0,1484.0234361944276
Daniel Santigosa Sastre / Adam Axelsson,1,0,0,0.0,0.0,0.0,1484.0845903190316
Daniel Santigosa Sastre / Emilio Sanchez Chamero,2,0,1,0.0,0.0,0.0,1468.2160399468276
Daniel Santigosa Sastre / Marc Sintes Villalonga,2,1,0,0.5,0.0,0.0,1498.6816542287945
Daniel Santigosa Sastre / Miguel Lamperti,10,3,0,0.3,0.0,0.0,1451.4289582453823
Daniel Windahl / Jose Solano Marmolejo,16,8,5,0.5,1.0,0.2,1500.28777704461
Daniele Cattaneo / Lorenzo Di Giovanni,3,0,3,0.0,0.0,0.0,1456.252866366389
David Gala / Alex Chozas,1,1,0,1.0,0.0,0.0,1516.0
David Gala / Lucas Campagnolo,13,5,4,0.38461538461538464,1.0,0.25,1472.7423744391324
David Gala / Pablo Garcia Rodrigo,2,1,1,0.5,1.0,1.0,1507.17718363642
David Gala Sanchez / Anton Sans,1,1,0,1.0,0.0,0.0,1513.0435701223112
David Gala Sanchez / Aris Patiniotis,2,1,0,0.5,0.0,0.0,1502.4974235372563
David Gala Sanchez / Jaime Munoz,3,1,1,0.3333333333333333,0.0,0.0,1484.9977084485306
David Gala Sanchez / Lucas Campagnolo,2,2,0,1.0,0.0,0.0,1531.647181260507
Denis Tomas Perino / Alex Chozas,7,5,1,0.7142857142857143,0.0,0.0,1540.457511970939
Denis Tomas Perino / Facundo Dominguez,1,0,1,0.0,0.0,0.0,1483.263693206478
Denis Tomas Perino / Ignacio Piotto Albornoz,13,5,5,0.38461538461538464,3.0,0.6,1457.1633409830213
Denis Tomas Perino / Jorge Ruiz,6,2,1,0.3333333333333333,0.0,0.0,1475.206735290413
Denis Tomas Perino / Marc Quilez,1,0,0,0.0,0.0,0.0,1485.9627831738198
Denis Tomas Perino / Mario Huete Hernandez,2,1,1,0.5,1.0,1.0,1496.9136539530336
Denis Tomas Perino / Miguel Lamperti,4,1,1,0.25,1.0,1.0,1470.1832198807947
Denis Tomas Perino / Pablo Garcia Rodrigo,5,1,3,0.2,0.0,0.0,1461.3864551879567
Diego Arredondo Garcia / Jose Pablo Padilla,2,1,1,0.5,0.0,0.0,1500.736306793522
Diego Arredondo Garcia / Luis Enrique Barrientos Garcia,1,0,0,0.0,0.0,0.0,1486.385742915737
Diego Arredondo Garcia / Manuel Gayone,1,0,0,0.0,0.0,0.0,1484.0339081301693
Diego Arredondo Garcia / Pablo Reina Ambel,1,0,0,0.0,0.0,0.0,1486.458224114257
Diego Arredondo García / Jose Pablo Padilla,1,0,0,0.0,0.0,0.0,1484.0
Diego Garcia Garcia / Jose Luis Gonzalez,2,0,0,0.0,0.0,0.0,1467.8143943601901
Diego Garcia Garcia / Salvador Oria,1,0,1,0.0,0.0,0.0,1483.4297584933352
Diego García / Javier Martinez,1,0,0,0.0,0.0,0.0,1483.2940048777991
Diego García / Jose Luis Gonzalez,1,0,0,0.0,0.0,0.0,1483.1598269041265
Diego García / Salva Oria,1,1,0,1.0,0.0,0.0,1516.0
Diego Gil / Cristian German Gutierrez,1,0,0,0.0,0.0,0.0,1485.632553872928
Diego Gil / Ignacio Sager,8,2,5,0.25,2.0,0.4,1462.6798913719124
Diego Gil / Jesus Moya,6,3,4,0.5,2.0,0.5,1509.3742268948404
Diego Gil / Miguel Angel Solbes,2,0,0,0.0,0.0,0.0,1466.7944528546584
Diego Gil / Rafael Mendez,5,1,2,0.2,0.0,0.0,1468.9405374540686
Diego Gil / Raul Marcos,1,0,0,0.0,0.0,0.0,1479.7341476020058
Diego Gil / Victor Mena,1,0,0,0.0,0.0,0.0,1485.8818019642354
Dylan Demian Cuello / Ramiro Jesus Valenzuela,1,0,0,0.0,0.0,0.0,1484.0511143284814
Dylan Guichard / Bastien Blanque,1,0,1,0.0,0.0,0.0,1484.1222553900427
Dylan Guichard / Maxime Joris,1,0,0,0.0,0.0,0.0,1482.7935947276937
Eduardo Agustin Torre / Alvaro Cepero,5,1,3,0.2,1.0,0.3333333333333333,1463.4636383811185
Eduardo Agustin Torre / Javier Valdes,2,1,1,0.5,1.0,1.0,1501.9260131794472
Eduardo Alonso / Alejandro Arroyo,31,22,12,0.7096774193548387,8.0,0.6666666666666666,1634.1037509194607
Eduardo Alonso / Alex Chozas,1,0,0,0.0,0.0,0.0,1487.251620304921
Eduardo Alonso / Jairo Bautista,16,7,6,0.4375,3.0,0.5,1497.2283353066202
Eduardo Alonso / Jeronimo Gonzalez,12,9,3,0.75,3.0,1.0,1581.130130924912
Eduardo Alonso / Juan Tello,10,8,8,0.8,7.0,0.875,1594.1986463855305
Eduardo Alonso / Juanlu Esbri,14,8,9,0.5714285714285714,5.0,0.5555555555555556,1513.7636365038081
Emiliano Martin Iriart / Carlos Perez Cabeza,5,0,0,0.0,0.0,0.0,1423.6560633561317
Emiliano Martin Iriart / Mauro Agustin Salandro,3,2,2,0.6666666666666666,2.0,1.0,1517.3509370583567
Emilio Sanchez Chamero / Daniel Santigosa Sastre,6,4,3,0.6666666666666666,3.0,1.0,1533.1465619441565
Emilio Sanchez Chamero / Enzo Jensen Sirvent,1,0,1,0.0,0.0,0.0,1484.0
Emilio Sanchez Chamero / Facundo Dominguez,2,1,0,0.5,0.0,0.0,1500.605834576678
Emilio Sanchez Chamero / Javier Valdes,11,5,1,0.45454545454545453,0.0,0.0,1490.8081397042338
Enrique Goenaga / Arnau Ayats,20,13,9,0.65,6.0,0.6666666666666666,1562.824058662854
Enrique Goenaga / Jairo Bautista,6,6,0,1.0,0.0,0.0,1585.1692888892694
Enrique Goenaga / Javier Martinez,4,2,2,0.5,2.0,1.0,1502.6750486743172
Enrique Goenaga / Juanlu Esbri,2,1,2,0.5,1.0,0.5,1503.6640356522112
Enrique Goenaga / Luis Hernandez Quesada,24,14,8,0.5833333333333334,6.0,0.75,1546.2169728633187
Enrique Goenaga / Marc Quilez,2,1,1,0.5,0.0,0.0,1501.1918892883664
Enrique Goenaga / Teodoro Zapata,19,9,8,0.47368421052631576,4.0,0.5,1464.6309624814312
Enzo Jensen Sirvent / Agustín Torre,1,0,1,0.0,0.0,0.0,1487.5161194820155
Enzo Jensen Sirvent / Boris Castro Garcia,1,0,0,0.0,0.0,0.0,1484.5899834802588
Enzo Jensen Sirvent / Eduardo Agustin Torre,1,0,0,0.0,0.0,0.0,1483.2601102799442
Enzo Jensen Sirvent / Emilio Sanchez Chamero,2,0,2,0.0,0.0,0.0,1467.8915348446908
Facundo Dehnike / Teo Gamondi,1,0,0,0.0,0.0,0.0,1481.8945018836591
Facundo Dominguez / Alvaro Cepero,3,0,0,0.0,0.0,0.0,1466.7491896835404
Facundo Dominguez / Cristian German Gutierrez,1,0,0,0.0,0.0,0.0,1484.308985236288
Facundo Dominguez / Daniel Windahl,1,0,1,0.0,0.0,0.0,1482.0094577598616
Facundo Dominguez / Emilio Sanchez Chamero,1,1,0,1.0,0.0,0.0,1513.9908606013878
Facundo Dominguez / Ignacio Piotto Albornoz,3,0,1,0.0,0.0,0.0,1455.2210290048772
Facundo Dominguez / Javier Martinez,6,3,1,0.5,1.0,1.0,1497.9493511090848
Facundo Dominguez / Javier Valdes,2,0,0,0.0,0.0,0.0,1466.6717619762076
Facundo Dominguez / Jesus Moya,1,1,1,1.0,1.0,1.0,1516.8411337765235
Facundo Dominguez / Jesús Moya Sos,1,0,0,0.0,0.0,0.0,1484.636314375789
Facundo Dominguez / Marc Quilez,1,1,0,1.0,0.0,0.0,1516.736306793522
Facundo Rodrigo Luis Lopez / Cristian German Gutierrez,2,1,0,0.5,0.0,0.0,1497.6556215482412
Facundo Rodrigo Luis Lopez / Juan Ignacio Rubini,2,1,1,0.5,0.0,0.0,1498.4554042604425
Federico Alejandro Fleitas / Juan Pablo Dametto,1,0,0,0.0,0.0,0.0,1484.0
Federico Chingotto / Alejandro Galan,93,57,14,0.6129032258064516,10.0,0.7142857142857143,1742.9155358223202
Federico Chingotto / Francisco Navarro,12,6,3,0.5,1.0,0.3333333333333333,1506.901460191451
Federico Chingotto / Jeronimo Gonzalez,1,1,0,1.0,0.0,0.0,1521.8583266903772
Federico Chiostri / Maximiliano Sanchez Blasco,2,1,1,0.5,1.0,1.0,1504.1071736368551
Federico Mouriño / Agustin Gomez Silingo,4,2,0,0.5,0.0,0.0,1497.9991699495622
Federico Mouriño / Antonio Fernandez,11,2,1,0.18181818181818182,0.0,0.0,1407.2982054266413
Federico Mouriño / Ignacio Piotto Albornoz,3,1,1,0.3333333333333333,0.0,0.0,1483.428455157763
Federico Mouriño / Ignacio Vilariño Gestoso,1,1,0,1.0,0.0,0.0,1516.736306793522
Federico Mouriño / Javier Martinez,2,1,0,0.5,0.0,0.0,1501.2901963658546
Federico Mouriño / Jesus Moya,1,0,1,0.0,0.0,0.0,1480.5237493910004
Federico Mouriño / Jorge Ruiz,2,1,1,0.5,1.0,1.0,1500.679707520909
Federico Mouriño / Marc Quilez,11,6,5,0.5454545454545454,5.0,1.0,1528.3212027561626
Federico Mouriño / Ramiro Jesus Valenzuela,6,6,1,1.0,1.0,1.0,1584.6430726090975
Federico Mouriño / Victor Mena,8,4,1,0.5,1.0,1.0,1507.0105632352827
Fernando Belasteguin / Carlos Daniel Gutierrez,8,4,8,0.5,4.0,0.5,1512.4210945213135
Fernando Belasteguin / Luciano Capra,3,2,1,0.6666666666666666,0.0,0.0,1526.235347903134
Fernando Belasteguin / Valentino Libaak,1,0,1,0.0,0.0,0.0,1483.0219634598209
Ferran Insa Sotillo / Albert Roglan Pons,2,0,0,0.0,0.0,0.0,1467.6032116594429
Ferran Insa Sotillo / Roger Aromi Siquier,3,0,3,0.0,0.0,0.0,1449.0437629638302
Flavio Abbate / Alvaro Montiel Caruso,3,0,0,0.0,0.0,0.0,1457.871968541752
Flavio Abbate / Giulio Graziotti,6,0,1,0.0,0.0,0.0,1419.7341524812034
Flavio Abbate / Manuel Castaño Salguero,3,0,3,0.0,0.0,0.0,1453.4054298153076
Flavio Abbate / Marco Cassetta,2,0,0,0.0,0.0,0.0,1466.7944528546584
Fran Ramirez Navas / Adam Axelsson,4,2,2,0.5,2.0,1.0,1507.4260231914957
Fran Ramirez Navas / Mario Huete Hernandez,1,0,1,0.0,0.0,0.0,1483.8441560407332
Fran Ramirez Navas / Rafael Mendez,2,1,0,0.5,0.0,0.0,1500.736306793522
Fran Ramirez Navas / Victor Mena,2,0,0,0.0,0.0,0.0,1468.6737306774914
Francisco Cabeza Teres / Diego Garcia Garcia,5,4,2,0.8,2.0,1.0,1541.7062619089297
Francisco Guerrero / Jairo Bautista,16,11,11,0.6875,7.0,0.6363636363636364,1594.1868668673756
Francisco Guerrero / Javier Leal,30,16,14,0.5333333333333333,7.0,0.5,1571.3482433535896
Francisco Guerrero / Jeronimo Gonzalez,1,0,0,0.0,0.0,0.0,1484.0
Francisco Guerrero / Jesus Moya,4,4,0,1.0,0.0,0.0,1558.404429091366
Francisco Manuel Gil / Emilio Sanchez Chamero,1,0,1,0.0,0.0,0.0,1481.059019822112
Francisco Manuel Gil Morales / Maximiliano Sanchez Aguero,4,3,1,0.75,0.0,0.0,1540.3079772026567
Francisco Manuel Gil Morales / Miguel Lamperti,2,1,0,0.5,0.0,0.0,1500.489364398092
Francisco Miguel Ramirez Navas / Jeremy Scatena,3,0,0,0.0,0.0,0.0,1455.343144577345
Francisco Miguel Ramirez Navas / Pedro Vera,1,0,0,0.0,0.0,0.0,1484.736306793522
Francisco Miguel Ramirez Navas / Victor Mena,7,6,3,0.8571428571428571,3.0,1.0,1552.2319838239314
Francisco Navarro / Carlos Daniel Gutierrez,7,4,1,0.5714285714285714,0.0,0.0,1513.3414086246987
Francisco Navarro / Jon Sanz,2,1,0,0.5,0.0,0.0,1511.5159006340223
Francisco Navarro / Juan Lebron,21,11,11,0.5238095238095238,2.0,0.18181818181818182,1534.4601696857299
Francisco Navarro / Juan Tello,2,2,2,1.0,2.0,1.0,1530.5304984710244
Francisco Navarro / Lucas Bergamini,4,3,2,0.75,2.0,1.0,1541.3297352204531
Francisco Navarro / Pablo Cardona,2,0,2,0.0,0.0,0.0,1479.6480470128836
Franco Stupaczuk / Juan Lebron,41,26,15,0.6341463414634146,10.0,0.6666666666666666,1646.5132934655285
Franco Stupaczuk / Martin Di Nenno,56,34,23,0.6071428571428571,18.0,0.782608695652174,1660.496188181067
Franco Stupaczuk / Maximiliano Arce Simo,3,3,0,1.0,0.0,0.0,1552.4607275516848
Franco Stupaczuk / Miguel Yanguas,19,13,2,0.6842105263157895,0.0,0.0,1609.0452248573233
Georges Wakim / Youssef Hossam,1,0,0,0.0,0.0,0.0,1484.4897348783395
Gerard Arnaldos Serrano / Alonso Rodriguez Martinez,1,0,0,0.0,0.0,0.0,1482.811658725797
Gerard Arnaldos Serrano / Eduardo Agustin Torre,3,2,3,0.6666666666666666,2.0,0.6666666666666666,1519.6024329513918
Gerard Arnaldos Serrano / Jose David Sanchez,2,0,0,0.0,0.0,0.0,1473.6241145623835
Giulio Graziotti / Riccardo Sinicropi,2,0,0,0.0,0.0,0.0,1466.7944528546584
Gonzalo Gabriel Alfonso / Carlos Daniel Gutierrez,2,0,2,0.0,0.0,0.0,1473.244212700723
Gonzalo Gabriel Alfonso / Francisco Manuel Gil,2,1,1,0.5,1.0,1.0,1502.0369786337487
Gonzalo Gabriel Alfonso / Jairo Bautista,2,1,0,0.5,0.0,0.0,1509.945134631058
Gonzalo Gabriel Alfonso / Juan Ignacio De Pascual,1,1,1,1.0,1.0,1.0,1516.0
Gonzalo Gabriel Alfonso / Raul Marcos,6,6,3,1.0,3.0,1.0,1582.0819011397678
Gonzalo Rubio / Alejandro Arroyo,1,0,1,0.0,0.0,0.0,1481.3311349492838
Gonzalo Rubio / Jairo Bautista,7,3,1,0.42857142857142855,1.0,1.0,1490.411179233116
Gonzalo Rubio / Javier Ruiz,6,5,3,0.8333333333333334,2.0,0.6666666666666666,1561.9389850979057
Gonzalo Rubio / Javier Ruiz Gonzalez,16,5,5,0.3125,1.0,0.2,1461.6980522356494
Gonzalo Rubio / Leonel Daniel Aguirre,6,6,0,1.0,0.0,0.0,1580.3847151040598
Gonzalo Rubio / Maximiliano Sanchez,11,8,5,0.7272727272727273,5.0,1.0,1565.8253574402374
Gonzalo Rubio / Pablo Lijo,21,10,8,0.47619047619047616,2.0,0.25,1519.759024428954
Guillem Figuerola Santiago / Agustin Reca,1,0,0,0.0,0.0,0.0,1483.1521525653486
Guillermo Collado Losada / Javier Martinez,6,1,1,0.16666666666666666,1.0,1.0,1466.8773215450183
Guillermo Collado Losada / Jose Antonio Diestro,3,2,1,0.6666666666666666,0.0,0.0,1515.6444062443484
Guillermo Collado Losada / Pol Hernandez Alvarez,12,6,8,0.5,4.0,0.5,1500.9069040782103
Gustavo Nunes / Agustin Gomez Silingo,10,2,0,0.2,0.0,0.0,1413.9080433996796
Gustavo Nunes / Miguel Angel Solbes,1,0,1,0.0,0.0,0.0,1484.1293397568186
Henrique Barbosa / Alejandro Caton Calvo,2,1,1,0.5,0.0,0.0,1501.4387739660467
Ignacio Andres Lehyt Sances / Sebastian Muñoz Campos,1,0,0,0.0,0.0,0.0,1485.4061538480578
Ignacio Piotto Albornoz / Adrian Marques Berdonce,1,0,0,0.0,0.0,0.0,1484.0
Ignacio Piotto Albornoz / Denis Tomas Perino,1,0,0,0.0,0.0,0.0,1482.5010771167074
Ignacio Piotto Albornoz / Javier Rico,3,0,3,0.0,0.0,0.0,1454.498909945522
Ignacio Piotto Albornoz / Mario Del Castillo,4,1,2,0.25,1.0,0.5,1475.50565145939
Ignacio Sager / Diego Gil,2,1,2,0.5,1.0,0.5,1500.6052649817582
Ignacio Sager / Javier Martinez,1,0,1,0.0,0.0,0.0,1482.9442089772815
Ignacio Sager / Juan Cruz Belluati,1,0,0,0.0,0.0,0.0,1484.0292982133972
Ignacio Sager / Lucas Campagnolo,1,0,0,0.0,0.0,0.0,1486.2952661863703
Ignacio Sager / Salvador Oria,37,18,14,0.4864864864864865,7.0,0.5,1499.2242952823062
Ignacio Vilariño Gestoso / Jaime Munoz,4,4,0,1.0,0.0,0.0,1558.404429091366
Ignacio Vilariño Gestoso / Jose Rico,2,1,1,0.5,1.0,1.0,1498.4988728662945
Ignacio Vilariño Gestoso / Mario Del Castillo,4,2,0,0.5,0.0,0.0,1494.991993886632
Ignacio Vilariño Gestoso / Miguel Semmler,7,3,4,0.42857142857142855,3.0,0.75,1493.2387472848375
Ignacio Vilariño Gestoso / Salva Oria,5,2,4,0.4,1.0,0.25,1494.0962173721043
Ignacio Vilariño Gestoso / Salvador Oria,12,6,2,0.5,0.0,0.0,1511.352123096581
Inigo Jofre / Alejandro Arroyo,28,16,14,0.5714285714285714,9.0,0.6428571428571429,1560.3597114433894
Inigo Jofre / Alonso Rodriguez Martinez,1,0,0,0.0,0.0,0.0,1484.110153740221
Inigo Jofre / Juan Tello,4,2,3,0.5,1.0,0.3333333333333333,1512.7716283562738
Inigo Jofre / Luis Hernandez Quesada,14,3,12,0.21428571428571427,3.0,0.25,1417.7961001867764
Ivan Ramirez / Anton Sans,2,2,1,1.0,1.0,1.0,1531.2657410713996
Ivan Ramirez / Inigo Jofre,1,0,0,0.0,0.0,0.0,1482.1949393477153
Ivan Ramirez / Jaime Munoz,1,0,0,0.0,0.0,0.0,1486.28770626913
Ivan Ramirez / Jose Jimenez Casas,2,0,1,0.0,0.0,0.0,1471.747693839964
Ivan Ramirez / Pablo Cardona,4,2,2,0.5,0.0,0.0,1502.6750486743172
Ivan Ramirez / Pablo Garcia Rodrigo,6,1,2,0.16666666666666666,1.0,0.5,1440.5461582410119
Ivan Ramirez / Pol Hernandez Alvarez,3,0,0,0.0,0.0,0.0,1461.3866961770084
Jaime Fermosell Delgado / Jose Jimenez Casas,2,0,0,0.0,0.0,0.0,1469.4695015289756
Jaime Munoz / Agustin Gutierrez,3,2,1,0.6666666666666666,1.0,1.0,1515.7378956863636
Jaime Munoz / Aimar Goñi Lacabe,1,0,0,0.0,0.0,0.0,1482.9651004165826
Jaime Munoz / Antonio Fernandez,1,0,1,0.0,0.0,0.0,1484.0
Jaime Munoz / David Gala Sanchez,6,2,0,0.3333333333333333,0.0,0.0,1482.8735240136555
Jaime Munoz / Ignacio Vilariño Gestoso,2,0,0,0.0,0.0,0.0,1467.860210294173
Jaime Munoz / Ivan Ramirez,9,6,3,0.6666666666666666,3.0,1.0,1537.3507432853642
Jaime Munoz / Jairo Bautista,6,3,2,0.5,2.0,1.0,1499.3302903399574
Jaime Munoz / Javier Garcia,14,3,5,0.21428571428571427,2.0,0.4,1405.0440508206916
Jairo Bautista / Daniel Santigosa Sastre,1,1,1,1.0,1.0,1.0,1513.7289168155073
Jairo Bautista / Francisco Guerrero,22,11,12,0.5,5.0,0.4166666666666667,1549.1037481453868
Jairo Bautista / Jaime Munoz,8,6,7,0.75,5.0,0.7142857142857143,1555.5628564469232
Jairo Bautista / Juan Martin Diaz Martinez,7,3,1,0.42857142857142855,0.0,0.0,1490.9351138356476
Jairo Bautista / Santiago Jose Pineda Cabello,1,0,0,0.0,0.0,0.0,1486.6462119617918
Jaume Romera Barcelo / Simone Cremona,3,3,1,1.0,1.0,1.0,1545.0176253031518
Javier Barahona / Javier Garcia,32,13,14,0.40625,6.0,0.42857142857142855,1474.3743408657117
Javier Barahona / Teodoro Zapata,21,11,14,0.5238095238095238,7.0,0.5,1502.9917437656973
Javier Garcia / Federico Mouriño,2,1,0,0.5,0.0,0.0,1500.736306793522
Javier Garcia / Jaime Munoz,2,0,0,0.0,0.0,0.0,1470.9338660522678
Javier Garcia / Javier Barahona,31,23,18,0.7419354838709677,14.0,0.7777777777777778,1653.5665385356199
Javier Garcia / Jose Antonio Diestro,1,0,1,0.0,0.0,0.0,1484.0
Javier Garrido / Alejandro Ruiz,2,1,0,0.5,0.0,0.0,1500.736306793522
Javier Garrido / Carlos Daniel Gutierrez,1,0,0,0.0,0.0,0.0,1484.1365013179488
Javier Garrido / Diego Gil,4,2,2,0.5,2.0,1.0,1507.3414111803936
Javier Garrido / Federico Chingotto,2,0,0,0.0,0.0,0.0,1466.3479917861396
Javier Garrido / Leonel Daniel Aguirre,2,1,1,0.5,1.0,1.0,1498.1127636519907
Javier Garrido / Lucas Bergamini,8,6,3,0.75,3.0,1.0,1566.7778998631395
Javier Garrido / Lucas Campagnolo,6,4,4,0.6666666666666666,2.0,0.5,1524.287634194376
Javier Garrido / Martin Di Nenno,1,0,0,0.0,0.0,0.0,1484.0
Javier Leal / Carlos Daniel Gutierrez,7,4,2,0.5714285714285714,1.0,0.5,1519.1642849100665
Javier Leal / Francisco Guerrero,4,3,1,0.75,1.0,1.0,1535.1408558797484
Javier Leal / Jon Sanz,4,2,0,0.5,0.0,0.0,1502.6750486743172
Javier Leal / Lucas Bergamini,10,5,4,0.5,2.0,0.5,1504.3163495633269
Javier Leal / Lucas Campagnolo,4,2,2,0.5,1.0,0.5,1508.775640627971
Javier Martinez / Antonio Fernandez,4,1,1,0.25,0.0,0.0,1476.9146156073552
Javier Martinez / Facundo Dominguez,2,0,0,0.0,0.0,0.0,1469.4695015289756
Javier Martinez / Franco Renato Dal Bianco,1,0,1,0.0,0.0,0.0,1486.9392002563281
Javier Martinez / Guillermo Collado Losada,8,3,5,0.375,3.0,0.6,1487.7796620513586
Javier Martinez / Jorge Ruiz,8,4,4,0.5,0.0,0.0,1501.4407083524945
Javier Martinez / Miguel Benitez Lara,7,6,6,0.8571428571428571,6.0,1.0,1569.4162665025108
Javier Martinez / Rafael Mendez,6,4,2,0.6666666666666666,2.0,1.0,1531.6929896289234
Javier Navarro Perez / Abdulaziz Redha,1,0,0,0.0,0.0,0.0,1484.0
Javier Rico / Ignacio Sager,3,2,1,0.6666666666666666,1.0,1.0,1516.4381164581464
Javier Rico / Javier Garrido,2,1,1,0.5,1.0,1.0,1503.3274105880616
Javier Rico / Jesus Moya,2,1,1,0.5,1.0,1.0,1500.6329408782328
Javier Rico / Jorge Ruiz,4,2,2,0.5,0.0,0.0,1501.3958971642726
Javier Rico / Juanlu Esbri,26,18,10,0.6923076923076923,6.0,0.6,1611.9066256219965
Javier Ruiz / Daniel Santigosa Sastre,1,0,0,0.0,0.0,0.0,1487.7028447450002
Javier Ruiz / Gonzalo Rubio,4,2,2,0.5,0.0,0.0,1502.6750486743172
Javier Ruiz / Javier Bravo Alvarez,1,0,0,0.0,0.0,0.0,1481.3131172324306
Javier Ruiz / Jose Antonio Diestro,3,1,1,0.3333333333333333,1.0,1.0,1482.618072104304
Javier Ruiz / Juan Cruz Belluati,1,0,0,0.0,0.0,0.0,1484.879978311872
Javier Ruiz / Pablo Cardona,18,8,5,0.4444444444444444,2.0,0.4,1507.7501197565798
Javier Ruiz / Victor Ruiz,1,0,0,0.0,0.0,0.0,1481.8978785186143
Javier Valdes / Agustin Gutierrez,9,5,3,0.5555555555555556,2.0,0.6666666666666666,1516.4854746653677
Javier Valdes / Daniel Windahl,7,2,1,0.2857142857142857,0.0,0.0,1460.518656203886
Javier Valdes / Emilio Sanchez Chamero,10,7,1,0.7,1.0,1.0,1555.17100261203
Javier Valdes / Guillermo Collado Losada,4,0,1,0.0,0.0,0.0,1446.5792204574839
Javier Valdes / Jose David Sanchez,11,6,1,0.5454545454545454,1.0,1.0,1518.4324848239512
Javier Valdes / Rafael Mendez,2,0,1,0.0,0.0,0.0,1469.4775848503677
Jerome Inzerillo / Adrien Maigret,1,0,1,0.0,0.0,0.0,1483.1897805979056
Jeronimo Gonzalez / Alejandro Ruiz,24,13,5,0.5416666666666666,2.0,0.4,1557.249095777514
Jeronimo Gonzalez / Carlos Daniel Gutierrez,9,4,5,0.4444444444444444,1.0,0.2,1502.0789964849694
Jeronimo Gonzalez / Eduardo Alonso,23,14,9,0.6086956521739131,5.0,0.5555555555555556,1596.376159409073
Jeronimo Gonzalez / Federico Chingotto,7,2,1,0.2857142857142857,1.0,1.0,1473.8801168433288
Jeronimo Gonzalez / Francisco Guerrero,8,4,2,0.5,0.0,0.0,1514.097422803423
Jeronimo Gonzalez / Javier Garrido,4,4,2,1.0,2.0,1.0,1560.7457203452027
Jeronimo Gonzalez / Jon Sanz,39,23,15,0.5897435897435898,6.0,0.4,1594.903547175181
Jeronimo Gonzalez / Juan Lebron,2,1,0,0.5,0.0,0.0,1496.3301823063446
Jesus Moya / Javier Rico,2,1,2,0.5,1.0,0.5,1501.074352583403
Jesús Moya Sos / Aris Patiniotis,1,0,0,0.0,0.0,0.0,1482.46817249726
Joao Maria Caiano / Thijs Roper,3,3,2,1.0,2.0,1.0,1545.8278203282016
Joaquin Nicolas Escalona Linz / Alonso Villavicencio Mancilla,1,0,0,0.0,0.0,0.0,1486.0825282071655
Johan Bergeron / Bastien Blanque,7,1,3,0.14285714285714285,1.0,0.3333333333333333,1427.4533114634264
Johannes Lindmeyer / Matthias Wunner,1,0,0,0.0,0.0,0.0,1484.2597525365472
Jon Sanz / Francisco Navarro,11,10,3,0.9090909090909091,3.0,1.0,1632.2298962451086
Jon Sanz / Jorge Nieto,6,3,3,0.5,0.0,0.0,1510.772936308496
Jorge Nieto / Jon Sanz,74,47,32,0.6351351351351351,23.0,0.71875,1632.5031018512398
Jorge Nieto / Miguel Yanguas,4,2,1,0.5,1.0,1.0,1508.823886045744
Jorge Nieto Ruiz / Miguel Yanguas,14,8,2,0.5714285714285714,0.0,0.0,1556.8008175473913
Jorge Ruiz / Cristian German Gutierrez,2,0,0,0.0,0.0,0.0,1470.5561556698415
Jorge Ruiz / Miguel Semmler,2,0,1,0.0,0.0,0.0,1470.2029814859122
Jose Antonio Diestro / Andres Fernandez Lancha,4,2,1,0.5,1.0,1.0,1502.1283860855774
Jose Antonio Diestro / Carlos Daniel Gutierrez,10,7,4,0.7,4.0,1.0,1571.9514214782128
Jose Antonio Diestro / Guillermo Collado Losada,2,1,1,0.5,1.0,1.0,1499.8373661232642
Jose Antonio Diestro / Javier Leal,10,3,9,0.3,3.0,0.3333333333333333,1453.979940568276
Jose Antonio Diestro / Javier Ruiz,3,2,1,0.6666666666666666,0.0,0.0,1521.1938892413473
Jose Antonio Diestro / Juanlu Esbri,22,9,10,0.4090909090909091,4.0,0.4,1468.5263652139226
Jose Antonio Diestro / Pablo Lijo,13,8,2,0.6153846153846154,0.0,0.0,1547.8842246952847
Jose Antonio Diestro / Pol Hernandez Alvarez,2,1,1,0.5,1.0,1.0,1500.736306793522
Jose Antonio Diestro / Victor Ruiz,4,1,1,0.25,0.0,0.0,1471.6952107348447
Jose Carlos Gaspar / Jose Maria Mouliaa,4,0,1,0.0,0.0,0.0,1443.7018411871024
Jose David Sanchez / Diego Gil,2,0,1,0.0,0.0,0.0,1464.794474915337
Jose David Sanchez / Juan Zamora Perez,1,0,0,0.0,0.0,0.0,1479.8364224952215
Jose David Sanchez / Pedro Araujo,2,1,0,0.5,0.0,0.0,1501.859093454452
Jose Jimenez Casas / Antonio Fernandez,2,1,1,0.5,1.0,1.0,1499.104339612657
Jose Jimenez Casas / Facundo Dominguez,2,0,1,0.0,0.0,0.0,1476.0110447190402
Jose Jimenez Casas / Luis Hernandez Quesada,2,2,1,1.0,1.0,1.0,1531.263693206478
Jose Jimenez Casas / Maximiliano Sanchez Blasco,8,4,5,0.5,3.0,0.6,1503.7503996818361
Jose Jimenez Casas / Miguel Benitez Lara,1,0,0,0.0,0.0,0.0,1483.7265459668497
Jose Jimenez Casas / Miguel Lamperti,10,7,4,0.7,2.0,0.5,1554.392434966494
Jose Jimenez Casas / Ramiro Moyano,1,0,0,0.0,0.0,0.0,1482.634442577566
Jose Jimenez Casas / Teodoro Zapata,1,0,1,0.0,0.0,0.0,1483.6545350505207
Jose Luis Gonzalez / Antonio Luque,13,5,2,0.38461538461538464,0.0,0.0,1462.251147038079
Jose Maria Alvarez Torres / Pablo Francisco Amora Hernandez,1,0,0,0.0,0.0,0.0,1484.723770165583
Jose Rico / Agustin Gutierrez,32,12,11,0.375,1.0,0.09090909090909091,1471.8120869363347
Jose Rico / Arnau Ayats,1,0,0,0.0,0.0,0.0,1484.6903764577785
Jose Rico / Arnau Ayats Delgado,1,1,1,1.0,1.0,1.0,1516.4044226062128
Jose Rico / Emilio Sanchez Chamero,1,0,0,0.0,0.0,0.0,1487.0046352267996
Jose Rico / Ignacio Vilariño Gestoso,4,4,0,1.0,0.0,0.0,1566.3424652641622
Jose Roman Martinez Sanchis / Pablo Castillo Valverde,3,0,0,0.0,0.0,0.0,1463.3980010888722
Jose Solano Marmolejo / Alex Chozas,9,6,6,0.6666666666666666,3.0,0.5,1538.5886099766276
Jose Solano Marmolejo / Daniel Windahl,5,0,3,0.0,0.0,0.0,1431.951419696919
Jose Solano Marmolejo / Ivan Ramirez,7,5,5,0.7142857142857143,5.0,1.0,1544.3427951812434
Jose Solano Marmolejo / Victor Mena,4,1,4,0.25,1.0,0.25,1468.5977731092305
Juan Cruz Belluati / Alvaro Montiel Caruso,1,0,1,0.0,0.0,0.0,1491.4247409575548
Juan Cruz Belluati / Antonio Fernandez,5,2,5,0.4,2.0,0.4,1492.008590304118
Juan Cruz Belluati / Arnau Ayats,4,2,2,0.5,0.0,0.0,1497.360542444182
Juan Cruz Belluati / Eduardo Agustin Torre,2,2,2,1.0,2.0,1.0,1529.2951072869287
Juan Cruz Belluati / Ignacio Sager,4,1,2,0.25,1.0,0.5,1473.1317816391318
Juan Cruz Belluati / Javier Garrido,1,0,1,0.0,0.0,0.0,1483.8761227260445
Juan Cruz Belluati / Javier Ruiz,5,1,5,0.2,1.0,0.2,1460.168548396494
Juan Cruz Belluati / Luis Hernandez Quesada,1,0,0,0.0,0.0,0.0,1484.7364054343975
Juan Cruz Belluati / Miguel Lamperti,16,4,3,0.25,1.0,0.3333333333333333,1425.3405210384392
Juan Cruz Belluati / Pablo Lijo,1,0,1,0.0,0.0,0.0,1484.0323497647144
Juan Cruz Belluati / Pablo Lijó,4,0,2,0.0,0.0,0.0,1452.9340327663688
Juan Cruz Belluati / Ramiro Moyano,2,0,2,0.0,0.0,0.0,1468.607064768733
Juan Ignacio De Pascual / Miguel Lamperti,5,3,2,0.6,2.0,1.0,1524.295684032981
Juan Ignacio Rubini / Miguel Lamperti,1,0,0,0.0,0.0,0.0,1481.8071883757198
Juan Lebron / Alejandro Galan,10,10,2,1.0,2.0,1.0,1632.4939624969616
Juan Lebron / Franco Stupaczuk,4,2,2,0.5,2.0,1.0,1507.2173286177747
Juan Lebron / Leandro Roman Augsburguer,1,0,0,0.0,0.0,0.0,1491.445383918155
Juan Lebron / Martin Di Nenno,2,1,0,0.5,0.0,0.0,1517.577706137049
Juan Manuel Argañaras / Oscar Matias Almada,3,0,1,0.0,0.0,0.0,1452.2003056587714
Juan Pablo Andrada / Max Sjovall,1,0,0,0.0,0.0,0.0,1486.6782397424415
Juan Pablo Castillo / Jose Pablo Padilla,1,0,0,0.0,0.0,0.0,1483.3177838575427
Juan Tello / Alejandro Ruiz,4,4,2,1.0,2.0,1.0,1558.404429091366
Juan Tello / Eduardo Alonso,3,2,1,0.6666666666666666,1.0,1.0,1517.1898467854767
Juan Tello / Fernando Belasteguin,24,12,11,0.5,6.0,0.5454545454545454,1495.6813458945173
Juan Tello / Inigo Jofre,6,2,2,0.3333333333333333,2.0,1.0,1471.8169608136684
Juan Tello / Martin Di Nenno,14,11,4,0.7857142857142857,3.0,0.75,1609.5999853684687
Juan Tello / Miguel Lamperti,2,0,0,0.0,0.0,0.0,1474.2505436609472
Juan Tello / Pablo Cardona,5,3,1,0.6,1.0,1.0,1520.7982946855718
Juan Tello / Valentino Gabriel Libaak,3,2,2,0.6666666666666666,1.0,0.5,1525.1783710913523
Juanlu Esbri / Alejandro Ruiz Granados,2,1,1,0.5,0.0,0.0,1501.8775801770448
Juanlu Esbri / Francisco Manuel Gil,7,3,4,0.42857142857142855,2.0,0.5,1486.602756544092
Juanlu Esbri / Javier Rico,2,0,0,0.0,0.0,0.0,1469.4285308351118
Juanlu Esbri / Jose Antonio Diestro,3,3,2,1.0,2.0,1.0,1544.6610671722306
Juanlu Esbri / Lucas Bergamini,10,6,3,0.6,3.0,1.0,1538.7601724059236
Juanlu Esbri / Salvador Oria,2,0,1,0.0,0.0,0.0,1467.370163633799
Julian Di Bene / Mauro Agustin Salandro,1,0,0,0.0,0.0,0.0,1483.147039669284
Julian Prins / Youp De Kroon,1,0,0,0.0,0.0,0.0,1483.2298601853572
Julien Seurin / Maxime Moreau,1,0,0,0.0,0.0,0.0,1483.7226316481433
Julien Seurin / Philemon Raichman,1,0,0,0.0,0.0,0.0,1483.263693206478
Karlos Rodriguez Vidal / Antonio Varo Ramos,2,1,1,0.5,0.0,0.0,1500.0338330211207
Khalid Saadon Alkuwari / Mohammed Saadon Alkuwari,1,0,0,0.0,0.0,0.0,1484.0
Leandro Augsburger / Valentino Libaak,4,3,1,0.75,1.0,1.0,1526.7236889493447
Leandro Roman Augsburguer / Juan Lebron,4,3,4,0.75,3.0,0.75,1533.8087424401742
Leonel Daniel Aguirre / Alex Chozas,11,3,3,0.2727272727272727,1.0,0.3333333333333333,1441.3701335814544
Leonel Daniel Aguirre / Carlos Daniel Gutierrez,1,0,1,0.0,0.0,0.0,1483.6390358359513
Leonel Daniel Aguirre / Gonzalo Gabriel Alfonso,18,8,9,0.4444444444444444,2.0,0.2222222222222222,1478.9663780155036
Leonel Daniel Aguirre / Gonzalo Rubio,1,0,0,0.0,0.0,0.0,1484.0012656707997
Lorenzo Di Giovanni / Riccardo Sinicropi,5,4,2,0.8,2.0,1.0,1543.3470164876865
Lucas Bergamini / Francisco Navarro,37,21,18,0.5675675675675675,12.0,0.6666666666666666,1567.3474929823294
Lucas Bergamini / Javier Garrido,5,1,4,0.2,1.0,0.25,1471.8796437379444
Lucas Bergamini / Javier Leal,2,0,1,0.0,0.0,0.0,1468.736306793522
Lucas Bergamini / Pablo Cardona,4,3,2,0.75,1.0,0.5,1537.2293411649853
Lucas Bergamini / Victor Ruiz,48,29,16,0.6041666666666666,9.0,0.5625,1572.04556491119
Lucas Campagnolo / Agustin Gutierrez,5,1,2,0.2,0.0,0.0,1455.9192027773895
Lucas Campagnolo / Ignacio Sager,10,6,3,0.6,3.0,1.0,1535.1816936120354
Lucas Campagnolo / Javier Garrido,12,6,3,0.5,2.0,0.6666666666666666,1522.2843315342593
Lucas Campagnolo / Javier Leal,40,21,14,0.525,8.0,0.5714285714285714,1524.7757538357953
Lucas Campagnolo / Juanlu Esbri,2,0,2,0.0,0.0,0.0,1473.4354283471014
Lucas Campagnolo / Maximiliano Sanchez,6,5,2,0.8333333333333334,2.0,1.0,1556.0817842088816
Luciano Capra / Agustin Gutierrez,4,4,0,1.0,0.0,0.0,1558.404429091366
Luciano Capra / Aimar Goñi Lacabe,7,1,4,0.14285714285714285,0.0,0.0,1429.9863348449476
Luciano Capra / Alex Chozas,17,8,10,0.47058823529411764,5.0,0.5,1500.5049506346463
Luciano Capra / Fernando Belasteguin,1,0,0,0.0,0.0,0.0,1481.9780615427487
Luciano Capra / Juanlu Esbri,2,1,2,0.5,1.0,0.5,1500.0338330211207
Luciano Capra / Maximiliano Sanchez,17,9,9,0.5294117647058824,5.0,0.5555555555555556,1528.3913455712272
Luis Enrique Barrientos Garcia / Amilcar Gaston Bejarano,1,0,0,0.0,0.0,0.0,1485.1784414212586
Luis Hernandez Quesada / Alejandro Tasa Van Beek,1,0,0,0.0,0.0,0.0,1486.2447990368682
Luis Hernandez Quesada / Enrique Goenaga,3,0,0,0.0,0.0,0.0,1449.0792913503858
Luis Hernandez Quesada / Inigo Jofre,16,11,8,0.6875,5.0,0.625,1571.3950323375557
Luis Hernandez Quesada / Javier Rico,8,6,1,0.75,0.0,0.0,1567.45382955616
Manuel Aragon Herrera / Facundo Dehnike,7,3,2,0.42857142857142855,1.0,0.5,1481.9511246071183
Manuel Castaño Salguero / Alejandro Jerez Carnero,2,1,2,0.5,1.0,0.5,1498.931997526815
Manuel Castaño Salguero / Flavio Abbate,1,0,0,0.0,0.0,0.0,1484.0
Manuel Castaño Salguero / Nicolas Suescun,4,3,1,0.75,0.0,0.0,1528.227156232067
Manuel Gayone / Axel William Guevara,3,1,0,0.3333333333333333,0.0,0.0,1484.6802198806297
Marc Quilez / Anton Sans,9,4,4,0.4444444444444444,2.0,0.5,1482.996828597489
Marc Quilez / Jose Luis Gonzalez,3,0,0,0.0,0.0,0.0,1449.1629165712425
Marc Quilez / Miguel Semmler,3,2,1,0.6666666666666666,1.0,1.0,1516.9676350684108
Marc Quilez / Toni Bueno,10,0,3,0.0,0.0,0.0,1370.0277975704844
Marc Sintes Villalonga / Daniel Santigosa Sastre,1,1,0,1.0,0.0,0.0,1515.9030161720975
Marco Cassetta / Dylan Demian Cuello,4,0,0,0.0,0.0,0.0,1447.208853594566
Marco Cassetta / Federico Chiostri,1,0,1,0.0,0.0,0.0,1483.261245913635
Marco Cassetta / Jose Luis Gonzalez,4,3,1,0.75,0.0,0.0,1530.961011127924
Marco Cassetta / Miguel Angel Solbes,2,0,2,0.0,0.0,0.0,1468.042037058469
Marco Cassetta / Simone Cremona,4,0,3,0.0,0.0,0.0,1438.4858476081456
Marcos Cordoba / Emiliano Martin Iriart,5,2,4,0.4,2.0,0.5,1487.8938140133432
Marcos Gonzalez Blanco / Pepe Aliaga,1,0,0,0.0,0.0,0.0,1482.6461997929996
Mariano Agustin Gonzalez San Martin / Juan Zamora Perez,2,1,1,0.5,0.0,0.0,1500.736306793522
Mario Del Castillo / Ignacio Piotto Albornoz,4,2,1,0.5,0.0,0.0,1503.7961928301906
Mario Del Castillo / Ignacio Vilariño Gestoso,6,4,3,0.6666666666666666,2.0,0.6666666666666666,1536.1830999834956
Mario Del Castillo / Jose David Sanchez,1,0,1,0.0,0.0,0.0,1482.5278741374825
Mario Del Castillo / Jose Jimenez Casas,1,0,0,0.0,0.0,0.0,1487.6173165569348
Mario Del Castillo / Mario Huete Hernandez,2,1,0,0.5,0.0,0.0,1500.736306793522
Mario Del Castillo / Miguel Benitez Lara,14,10,1,0.7142857142857143,0.0,0.0,1570.4766097126299
Mario Del Castillo / Miguel Lamperti,3,2,1,0.6666666666666666,0.0,0.0,1512.9179626593293
Mario Huete Hernandez / Cristian German Gutierrez,2,2,1,1.0,1.0,1.0,1527.2098187241
Mario Huete Hernandez / Daniel Santigosa Sastre,1,0,1,0.0,0.0,0.0,1483.4140446688934
Mario Huete Hernandez / Denis Tomas Perino,3,3,3,1.0,3.0,1.0,1555.5106266125151
Mario Huete Hernandez / Facundo Dominguez,2,1,2,0.5,1.0,0.5,1499.6160759650627
Mario Huete Hernandez / Federico Mouriño,2,1,1,0.5,1.0,1.0,1498.4966628221541
Mario Huete Hernandez / Fran Ramirez Navas,2,0,2,0.0,0.0,0.0,1473.8504038527847
Mario Huete Hernandez / Ignacio Sager,2,1,1,0.5,0.0,0.0,1498.804025322833
Mario Huete Hernandez / Mario Ortega,2,1,1,0.5,1.0,1.0,1502.7291328607926
Mario Huete Hernandez / Maximiliano Arce Simo,2,1,0,0.5,0.0,0.0,1501.300990215577
Mario Ortega / Aimar Goñi Lacabe,1,1,0,1.0,0.0,0.0,1514.2659913446048
Mario Ortega / Andres Fernandez Lancha,3,0,1,0.0,0.0,0.0,1458.9289108707758
Mario Ortega / Anton Sans,4,2,2,0.5,2.0,1.0,1500.8747140818675
Mario Ortega / Carlos Marti,8,1,4,0.125,1.0,0.25,1423.2459229780122
Mario Ortega / Ignacio Piotto Albornoz,2,0,0,0.0,0.0,0.0,1466.1758903514592
Mario Ortega / Ivan Ramirez,1,0,0,0.0,0.0,0.0,1485.1846641996362
Mario Ortega / Jose David Sanchez,6,1,1,0.16666666666666666,0.0,0.0,1447.8454154191468
Mario Ortega / Mario Del Castillo,3,0,3,0.0,0.0,0.0,1450.538382255292
Mario Ortega / Mario Huete Hernandez,4,2,0,0.5,0.0,0.0,1497.3300999792925
Martin Abud / Mariano Agustin Gonzalez San Martin,2,0,1,0.0,0.0,0.0,1468.736306793522
Martin Abud / Rafael Mendez,1,0,0,0.0,0.0,0.0,1484.031568338019
Martin Ariel Andornino / Juan Manuel Restivo,1,0,1,0.0,0.0,0.0,1484.0
Martin Di Nenno / Franco Stupaczuk,4,3,0,0.75,0.0,0.0,1534.0026161002895
Martin Di Nenno / Javier Garrido,7,4,2,0.5714285714285714,1.0,0.5,1519.6332292320526
Martin Di Nenno / Juan Lebron,31,21,6,0.6774193548387096,5.0,0.8333333333333334,1662.875375223983
Martin Di Nenno / Juan Tello,4,3,1,0.75,1.0,1.0,1537.1138455378068
Martin Di Nenno / Leandro Augsburger,6,3,5,0.5,3.0,0.6,1505.9734539909746
Martin Di Nenno / Leandro Roman Augsburguer,14,9,5,0.6428571428571429,3.0,0.6,1558.2712994884557
Martin Sanchez Piñeiro / Pablo Garcia Rodrigo,4,4,2,1.0,2.0,1.0,1558.404429091366
Mashari Nawaf / Rashed Nawaf,1,0,1,0.0,0.0,0.0,1479.6407053869036
Mateo Rivero / Juan Pablo Dametto,1,0,0,0.0,0.0,0.0,1484.0
Matias Damian Gonzalez / Luciano Puppo,1,0,1,0.0,0.0,0.0,1482.5762105572105
Matias Damian Gonzalez / Tomas Luco,1,0,0,0.0,0.0,0.0,1484.9871806996432
Matias Emmanuel Del Moral / Santiago Frugoni,1,0,0,0.0,0.0,0.0,1484.5643996143774
Mauricio A Rivero / Francisco Britos,1,1,0,1.0,0.0,0.0,1515.2764340835606
Maxime Deloyer / Clement Geens,1,0,0,0.0,0.0,0.0,1483.263693206478
Maxime Deloyer / Isaac Huysveld,1,0,0,0.0,0.0,0.0,1498.133101539265
Maxime Forcin / Benjamin Tison,1,0,0,0.0,0.0,0.0,1484.754777484475
Maxime Joris / Thomas Vanbauce,1,0,0,0.0,0.0,0.0,1483.690447333819
Maximiliano Arce Simo / Pablo Lijo,10,5,1,0.5,1.0,1.0,1511.0986044130507
Maximiliano Sanchez / Carlos Daniel Gutierrez,13,8,2,0.6153846153846154,1.0,0.5,1557.7354170168658
Maximiliano Sanchez / Francisco Manuel Gil,1,0,1,0.0,0.0,0.0,1484.0
Maximiliano Sanchez / Lucas Campagnolo,7,4,6,0.5714285714285714,4.0,0.6666666666666666,1511.1153248094151
Maximiliano Sanchez / Luciano Capra,23,13,8,0.5652173913043478,8.0,1.0,1506.568755286215
Maximiliano Sanchez Aguero / Francisco Manuel Gil Morales,6,4,3,0.6666666666666666,2.0,0.6666666666666666,1525.3424920730615
Maximiliano Sanchez Blasco / Jose Jimenez Casas,2,2,0,1.0,0.0,0.0,1531.263693206478
Maximiliano Sanchez Blasco / Santiago Rolla,2,1,1,0.5,1.0,1.0,1499.263693206478
Michele Bruno / Simone Iacovino,3,0,0,0.0,0.0,0.0,1448.3098886375587
Miguel Angel Solbes / Carlos Marti,15,10,4,0.6666666666666666,3.0,0.75,1551.236119559104
Miguel Angel Solbes / Ignacio Piotto Albornoz,2,0,2,0.0,0.0,0.0,1466.7944528546584
Miguel Benitez Lara / Alvaro Cepero,9,5,3,0.5555555555555556,0.0,0.0,1509.7579190246747
Miguel Benitez Lara / Javier Martinez,4,0,1,0.0,0.0,0.0,1448.2175147605026
Miguel Benitez Lara / Jose Rico,2,2,2,1.0,2.0,1.0,1530.5304984710244
Miguel Benitez Lara / Mario Del Castillo,4,2,0,0.5,0.0,0.0,1502.6750486743172
Miguel Deus / Carlos Perez Cabeza,2,0,0,0.0,0.0,0.0,1474.7477485449917
Miguel Deus / Jesus Moya,3,0,0,0.0,0.0,0.0,1457.6314524746197
Miguel Deus / Nuno Deus,40,20,22,0.5,8.0,0.36363636363636365,1543.398671088069
Miguel Gonzalez / Anton Sans,4,2,4,0.5,2.0,0.5,1495.567839900554
Miguel Gonzalez / Daniel Santigosa Sastre,3,2,2,0.6666666666666666,1.0,0.5,1519.902264113262
Miguel Gonzalez / Diego Gil,3,0,0,0.0,0.0,0.0,1462.0454403705717
Miguel Gonzalez / Mario Ortega,2,0,1,0.0,0.0,0.0,1468.8722960280409
Miguel Gonzalez / Miguel Angel Solbes,4,0,4,0.0,0.0,0.0,1440.8300826532259
Miguel Lamperti / Daniel Santigosa Sastre,2,1,1,0.5,0.0,0.0,1497.9032715731978
Miguel Lamperti / Denis Tomas Perino,6,6,3,1.0,3.0,1.0,1584.067915573466
Miguel Lamperti / Juan Cruz Belluati,3,2,2,0.6666666666666666,1.0,0.5,1518.087393659849
Miguel Lamperti / Juan Martin Diaz Martinez,1,0,1,0.0,0.0,0.0,1484.0
Miguel Semmler / Ignacio Vilariño Gestoso,4,2,2,0.5,1.0,0.5,1507.7988469263248
Miguel Semmler / Juan Tello,1,0,0,0.0,0.0,0.0,1480.8429010524064
Miguel Semmler / Pablo Lijo,20,14,6,0.7,4.0,0.6666666666666666,1548.6510343197272
Miguel Yanguas / Alejandro Arroyo,4,4,0,1.0,0.0,0.0,1558.404429091366
Miguel Yanguas / Fernando Belasteguin,14,4,3,0.2857142857142857,0.0,0.0,1437.5140701594917
Miguel Yanguas / Franco Stupaczuk,11,7,4,0.6363636363636364,2.0,0.5,1543.181137661472
Miguel Yanguas / Javier Garrido,32,18,9,0.5625,4.0,0.4444444444444444,1544.8510598790795
Miguel Yanguas / Jorge Nieto,11,9,4,0.8181818181818182,2.0,0.5,1604.5065938607095
Miguel Yanguas / Jorge Nieto Ruiz,11,6,3,0.5454545454545454,0.0,0.0,1539.6738628693347
Mohamed Aboulkassem / Youssef Hossam,4,2,0,0.5,0.0,0.0,1497.3249513256828
Mohammed Abdulla / Khalid Saadon al-Kuwari,2,0,0,0.0,0.0,0.0,1466.7944528546584
Mohammed Al Khanji / Jabor Al-Mutawa,4,0,0,0.0,0.0,0.0,1438.9370312909725
Mohammed Saadon Alkuwari / Hassan Adel Waly,1,0,0,0.0,0.0,0.0,1483.4111420885733
Nacho Moragues Moltò / Marc Sintes Villalonga,2,1,1,0.5,0.0,0.0,1500.1306480797182
Nicholas Agritelley / Vinny Nahuel Di Francesco,1,0,0,0.0,0.0,0.0,1484.7858635329687
Nicolas Suescun / Pablo Garcia Rodrigo,3,0,0,0.0,0.0,0.0,1460.7234125226757
Nicolas Suescun / Sergio Alba,3,1,1,0.3333333333333333,1.0,1.0,1486.42459702146
Nicolas Suescun / Victor Mena,2,0,0,0.0,0.0,0.0,1467.8265307078773
Nuno Deus / Miguel Deus,2,1,1,0.5,1.0,1.0,1504.8338672006519
Omar Althagib / Abdulaziz Redha,1,0,0,0.0,0.0,0.0,1485.3837668934736
Pablo Cardona / Francisco Guerrero,1,0,1,0.0,0.0,0.0,1484.7187181137274
Pablo Cardona / Francisco Navarro,23,16,7,0.6956521739130435,5.0,0.7142857142857143,1617.7112153008954
Pablo Cardona / Javier Garrido,1,0,1,0.0,0.0,0.0,1485.3871090117661
Pablo Cardona / Javier Ruiz,14,10,7,0.7142857142857143,4.0,0.5714285714285714,1575.5556115914799
Pablo Cardona / Juan Tello,1,0,1,0.0,0.0,0.0,1484.6652225612977
Pablo Cardona / Leandro Augsburger,22,15,12,0.6818181818181818,9.0,0.75,1605.2776108057515
Pablo Cardona / Leandro Roman Augsburguer,8,3,0,0.375,0.0,0.0,1487.9165064729268
Pablo Francisco Amora Hernandez / Pablo Acevedo Iturribarria,1,0,0,0.0,0.0,0.0,1483.1647562660266
Pablo Garcia Rodrigo / Alvaro Cepero,2,2,2,1.0,2.0,1.0,1529.148585411669
Pablo Garcia Rodrigo / Antonio Fernandez,2,1,1,0.5,1.0,1.0,1511.256631037217
Pablo Garcia Rodrigo / Arnau Ayats,4,2,3,0.5,1.0,0.3333333333333333,1501.1719083340201
Pablo Garcia Rodrigo / David Gala,4,2,2,0.5,2.0,1.0,1503.255274160497
Pablo Garcia Rodrigo / Emilio Sanchez Chamero,4,2,0,0.5,0.0,0.0,1501.655929595007
Pablo Garcia Rodrigo / Ignacio Vilariño Gestoso,1,0,0,0.0,0.0,0.0,1484.7456770445306
Pablo Garcia Rodrigo / Ivan Ramirez,6,3,1,0.5,1.0,1.0,1498.3171551295811
Pablo Garcia Rodrigo / Javier Garrido,1,0,1,0.0,0.0,0.0,1485.4099893362359
Pablo Lijo / Alvaro Cepero,4,2,2,0.5,0.0,0.0,1502.6750486743172
Pablo Lijo / Gonzalo Rubio,8,3,3,0.375,0.0,0.0,1478.5062721091037
Pablo Lijo / Maximiliano Arce Simo,4,4,2,1.0,2.0,1.0,1562.8902082606596
Pablo Lijó / Juan Cruz Belluati,9,6,1,0.6666666666666666,1.0,1.0,1531.8509550257213
Pablo Lijó / Maximiliano Arce Simo,2,2,1,1.0,1.0,1.0,1530.5699003530808
Pablo Lima / Jorge Nieto,2,2,0,1.0,0.0,0.0,1530.5304984710244
Pablo Molina Tofanelli / Cristobal Martinez,1,0,1,0.0,0.0,0.0,1484.0
Pablo Pastor Landaburu / Samuel Rivas Garcia,2,2,2,1.0,2.0,1.0,1531.263693206478
Pau Miñano Ortinez / Daniele Cattaneo,1,0,1,0.0,0.0,0.0,1483.263693206478
Pau Miñano Ortinez / Thijs Roper,1,0,0,0.0,0.0,0.0,1482.4870283072605
Pau Miñano Ortinez / Victor Mena,2,2,0,1.0,0.0,0.0,1531.235572175419
Pedro Araujo / Christian Fuster,1,0,0,0.0,0.0,0.0,1489.6569335037243
Pedro Melendez Amaya / Carlos Marti,6,4,0,0.6666666666666666,0.0,0.0,1541.713061988935
Pedro Melendez Amaya / Álvaro Melendez Amaya,16,6,10,0.375,3.0,0.3,1435.1851935745144
Pepe Aliaga / Adrian Ronco Lopez,1,0,1,0.0,0.0,0.0,1483.3885450800183
Pepe Aliaga / Simon Vasquez,1,0,0,0.0,0.0,0.0,1484.8269743502974
Philemon Raichman / Menno Nolten,3,2,2,0.6666666666666666,1.0,0.5,1516.7023986633528
Pier Giulio Farabbi / Jaime Fermosell Delgado,1,0,0,0.0,0.0,0.0,1483.263693206478
Pier Giulio Farabbi / Miguel Melero Bernal,1,0,0,0.0,0.0,0.0,1485.4358728782763
Pol Hernandez Alvarez / Guillermo Collado Losada,5,2,1,0.4,1.0,1.0,1501.4813256042598
Pol Hernandez Alvarez / Ramiro Jesus Valenzuela,15,8,3,0.5333333333333333,2.0,0.6666666666666666,1530.7819211702094
Rafael Mendez / Javier Rico,9,4,5,0.4444444444444444,4.0,0.8,1506.538141124799
Rafael Mendez / Mario Del Castillo,3,0,0,0.0,0.0,0.0,1458.3277323043446
Rafael Mendez / Toni Bueno,2,2,0,1.0,0.0,0.0,1530.5930394894842
Ramiro Jesus Valenzuela / Federico Mouriño,3,2,1,0.6666666666666666,0.0,0.0,1517.5261841312436
Ramiro Jesus Valenzuela / Pol Hernandez Alvarez,11,7,2,0.6363636363636364,1.0,0.5,1536.4764390094676
Ramiro Moyano / Francisco Cabeza Teres,6,6,0,1.0,0.0,0.0,1577.5661882178053
Ramiro Moyano / Francisco Manuel Gil,37,17,18,0.4594594594594595,8.0,0.4444444444444444,1482.248111053271
Ramiro Moyano / Jose Jimenez Casas,1,0,0,0.0,0.0,0.0,1484.078894106374
Ramiro Moyano / Juan Cruz Belluati,14,8,5,0.5714285714285714,3.0,0.6,1523.6437117722703
Rashed Nawaf / Mashari Nawaf,1,0,0,0.0,0.0,0.0,1483.2517989936116
Raul Marcos / Diego Gil,1,1,0,1.0,0.0,0.0,1516.0
Raul Marcos / Facundo Dominguez,2,1,0,0.5,0.0,0.0,1506.310876665557
Raul Marcos / Jaime Fermosell Delgado,6,3,3,0.5,3.0,1.0,1502.290949898564
Raul Marcos / Jose David Sanchez,2,0,0,0.0,0.0,0.0,1469.4695015289756
Raul Marcos / Sergio Alba,3,0,2,0.0,0.0,0.0,1453.45071235114
Raul Peralta Corredor / Diego Pascual Simon Tomas,1,0,1,0.0,0.0,0.0,1484.6343970377134
Rayan Abdulla / Abdulla Alhijji,1,0,0,0.0,0.0,0.0,1483.2641017466326
Rayan Abdulla / Ali Alsaygh,2,0,0,0.0,0.0,0.0,1466.9405822960111
Rayyan Al Jufairi / Ali Alsaygh,2,0,0,0.0,0.0,0.0,1472.1260693796585
Relis Ferreyra / Juan Manuel Restivo,2,2,1,1.0,1.0,1.0,1531.1896004962196
Renzo Gabriel Nuñez / Kevin Uriel Kviatkovski,1,0,1,0.0,0.0,0.0,1483.9873469588513
Ricardo Martinez / Francisco Miguel Ramirez Navas,2,0,0,0.0,0.0,0.0,1466.7944528546584
Ricardo Martinez / Gerard Arnaldos Serrano,1,0,1,0.0,0.0,0.0,1484.7327378810521
Riccardo Sinicropi / Maxime Moreau,2,0,0,0.0,0.0,0.0,1469.58096796707
Roberto Alonso Rodriguez / Eduardo Andres Lopez Figuera,1,0,0,0.0,0.0,0.0,1484.403866990688
Roberto Belmont Pastor / Victor Tur Checa,2,0,0,0.0,0.0,0.0,1466.7336660894766
Rodrigo Coello Manso / Ferran Insa Sotillo,2,0,0,0.0,0.0,0.0,1469.1577481631143
Ruben Rivera / Adria Mercadal,8,3,3,0.375,1.0,0.3333333333333333,1466.1772283459113
Salvador Oria / Ignacio Sager,4,3,1,0.75,1.0,1.0,1527.3281692020714
Salvador Oria / Ignacio Vilariño Gestoso,1,0,1,0.0,0.0,0.0,1483.202342116519
Salvador Oria / Jose Rico,2,0,0,0.0,0.0,0.0,1472.1260693796585
Samuel Rivas Garcia / Alfonso Sanchez Arriaga,4,2,0,0.5,0.0,0.0,1527.281065747458
Saska Huttunen / Pyry Hyrkkönen,1,0,0,0.0,0.0,0.0,1483.5946569811797
Sattam Alshahrani / Manuel Yuste Apolinar,1,0,0,0.0,0.0,0.0,1484.0890281687737
Sergio Alba / Raul Marcos,3,1,1,0.3333333333333333,1.0,1.0,1482.941679587349
Sergio Arias Aznar / Diogo Jesus,1,0,0,0.0,0.0,0.0,1484.0
Sergio Icardo / Francisco Jurado Sosa,6,2,0,0.3333333333333333,0.0,0.0,1472.0397916551494
Sergio Icardo / Jesus Moya,3,1,0,0.3333333333333333,0.0,0.0,1486.5550778355062
Sergio Icardo / Sergio Alba,3,0,3,0.0,0.0,0.0,1450.7877151612931
Simon Vasquez / Adam Axelsson,5,2,3,0.4,1.0,0.3333333333333333,1484.5607569016252
Simon Vasquez / Diego García,1,0,0,0.0,0.0,0.0,1482.6246838987834
Simone Cremona / Jaime Fermosell Delgado,2,1,0,0.5,0.0,0.0,1500.6420531790122
Simone Cremona / Lorenzo Di Giovanni,2,0,0,0.0,0.0,0.0,1471.677937491537
Simone Cremona / Nuno Deus,4,0,3,0.0,0.0,0.0,1451.1146041969525
Simone Iacovino / Lorenzo Di Giovanni,4,3,0,0.75,0.0,0.0,1529.7419308380586
Sten Richters / Bram Meijer,3,1,1,0.3333333333333333,1.0,1.0,1483.932480186022
Teo Gamondi / Joel Olivera Palos,1,0,0,0.0,0.0,0.0,1485.397082082031
Teodoro Zapata / Anton Sans,4,2,0,0.5,0.0,0.0,1504.7477589904754
Teodoro Zapata / Enrique Goenaga,6,1,5,0.16666666666666666,1.0,0.2,1440.9596616163785
Teodoro Zapata / Francisco Cabeza Teres,8,3,1,0.375,0.0,0.0,1471.1034662558523
Teodoro Zapata / Francisco Guerrero,8,6,2,0.75,0.0,0.0,1553.6701056075092
Teodoro Zapata / Javier Barahona,8,4,1,0.5,0.0,0.0,1510.2537876673894
Teodoro Zapata / Jose Jimenez Casas,9,1,6,0.1111111111111111,0.0,0.0,1400.6053697519453
Thomas Leygue / Aris Patiniotis,1,0,0,0.0,0.0,0.0,1483.4647895301605
Thomas Leygue / Ferran Insa Sotillo,2,1,1,0.5,0.0,0.0,1499.221588904068
Thomas Leygue / Francisco Miguel Ramirez Navas,1,0,1,0.0,0.0,0.0,1483.263693206478
Thomas Leygue / Ignacio Piotto Albornoz,2,1,1,0.5,0.0,0.0,1503.3360696553923
Thomas Leygue / Jesus Moya,1,1,1,1.0,1.0,1.0,1515.1281109271629
Thomas Leygue / Jesús Moya Sos,3,0,0,0.0,0.0,0.0,1456.6278896217307
Thomas Leygue / Miguel Gonzalez,1,0,1,0.0,0.0,0.0,1482.6366918923086
Thomas Vanbauce / Simon Wagner,1,0,1,0.0,0.0,0.0,1484.736306793522
Toni Bueno / Antonio Luque,6,3,2,0.5,0.0,0.0,1499.462319471214
Toni Bueno / Rafael Mendez,11,8,8,0.7272727272727273,7.0,0.875,1553.674900331584
Valentino Gabriel Libaak / Fernando Belasteguin,9,3,6,0.3333333333333333,2.0,0.3333333333333333,1470.5191138094585
Valentino Gabriel Libaak / Franco Renato Dal Bianco,1,0,0,0.0,0.0,0.0,1484.6848944367662
Valentino Gabriel Libaak / Jairo Bautista,9,3,4,0.3333333333333333,2.0,0.5,1476.0601676805024
Valentino Gabriel Libaak / Javier Garrido,3,0,2,0.0,0.0,0.0,1453.3566390671897
Valentino Gabriel Libaak / Juan Tello,6,4,3,0.6666666666666666,2.0,0.6666666666666666,1528.1689844516106
Valentino Libaak / Alex Chozas,3,2,0,0.6666666666666666,0.0,0.0,1517.6305178561852
Valentino Libaak / Fernando Belasteguin,3,2,1,0.6666666666666666,1.0,1.0,1519.0627442646667
Valentino Libaak / Leandro Augsburger,25,18,8,0.72,7.0,0.875,1636.6081147076281
Valentino Libaak / Victor Ruiz,7,4,1,0.5714285714285714,1.0,1.0,1521.6075306600578
Victor Mena / Denis Tomas Perino,2,2,0,1.0,0.0,0.0,1530.556013205704
Victor Mena / Enrique Goenaga,1,0,0,0.0,0.0,0.0,1484.0
Victor Mena / Fran Ramirez Navas,1,0,0,0.0,0.0,0.0,1486.3734691298905
Victor Mena / Jose Solano Marmolejo,1,0,0,0.0,0.0,0.0,1484.7479090606012
Victor Ruiz / Alejandro Ruiz,1,1,0,1.0,0.0,0.0,1515.3274197216354
Victor Ruiz / Alejandro Ruiz Granados,1,0,1,0.0,0.0,0.0,1483.263693206478
Victor Ruiz / Carlos Daniel Gutierrez,2,0,2,0.0,0.0,0.0,1469.3958835289877
Victor Ruiz / Francisco Manuel Gil,14,8,6,0.5714285714285714,5.0,0.8333333333333334,1535.7337824907847
Victor Ruiz / Francisco Manuel Gil Morales,11,8,2,0.7272727272727273,2.0,1.0,1549.1322936834952
Victor Ruiz / Javier Ruiz,6,0,2,0.0,0.0,0.0,1410.3674889360836
Victor Ruiz / Lucas Bergamini,1,0,1,0.0,0.0,0.0,1482.0066923768638
Yoan Boronad / Timeo Fonteny,1,0,0,0.0,0.0,0.0,1483.7756399012817
Youssef Hossam / Georges Wakim,1,0,0,0.0,0.0,0.0,1483.5517871710304
Youssef Hossam / Julian Lacamoire,3,3,1,1.0,1.0,1.0,1545.0614597591243
Álvaro Melendez Amaya / Cristian German Gutierrez,7,3,1,0.42857142857142855,1.0,1.0,1480.4484558188244
Álvaro Melendez Amaya / Facundo Dominguez,1,1,0,1.0,0.0,0.0,1516.0
Álvaro Melendez Amaya / Pedro Melendez Amaya,7,2,2,0.2857142857142857,0.0,0.0,1466.8832975498144
Álvaro Mélendez Amaya / Facundo Dominguez,6,3,3,0.5,3.0,1.0,1494.534848794904
